id,mid,uid,parent,text,time
4589622380732008,4589622380732008,5511008040,NULL,"
                                                                                                                        南京清洁工带上电子手环，休息二十分钟就触发警报好像本来是用来监测生命体征，怎么落实下来感觉变味儿了 ​​​​                                            ","
                                 1月4日 12:31            	                                            已编辑
                                                "
4589622770801423,4589622770801423,dongxiaolang,4589622380732008,,1月4日 12:33
4589637110859320,4589637110859320,1306934677,4589622380732008,看来从技术层面上来说，强奸犯出狱后戴电子脚铐并实时监控是可以做到的,1月4日 13:30
4589643633001898,4589643633001898,houhongbin,4589622380732008,多年呼吁着给性侵犯戴电子镣铐，放着这一全球多个国家通用的经验不用；反倒把电子镣铐戴到了劳动者手上？搞创新？这些决策者脑子里到底装着什么？不确定自己会不会性侵，但能确定自己不会当清洁工吗？,1月4日 13:56
4589628965007414,4589628965007414,1851888853,4589622380732008,你有这功夫去管管恋童癖和强奸犯呢？？,1月4日 12:57
4606362280269826,4606362280269826,6591529082,4589622380732008,？,2月19日 17:10
4603864445095785,4603864445095785,3849780161,4589622380732008,？,2月12日 19:44
4602652534773283,4602652534773283,6915349676,4589622380732008,人心、,2月9日 11:28
4602597178351529,4602597178351529,7507976269,4589622380732008,转发微博,2月9日 07:49
4602482498733266,4602482498733266,7558712996,4589622380732008,沃 日,2月9日 00:13
4602281187606876,4602281187606876,7561758164,4589622380732008,资本家的罪恶,2月8日 10:53
4601174311048244,4601174311048244,5621464936,4589622380732008,快转微博,2月5日 09:35
4601051489241850,4601051489241850,6563912427,4589622380732008,转发微博,2月5日 01:27
4597925990638945,4597925990638945,7297919477,4589622380732008,转发微博,1月27日 10:27
4596590457651693,4596590457651693,5993824644,4589622380732008,……,1月23日 18:00
4594470664283389,4594470664283389,7143480021,4589622380732008,电子脚铐不是不用，只是不愿意用而已，强奸犯不能用，剥削人民倒是可以,1月17日 21:37
4593426383769493,4593426383769493,1888835307,4589622380732008,，可以。,1月15日 00:27
4593322079819138,4593322079819138,5684418090,4589622380732008,快转微博,1月14日 17:33
4593028160030891,4593028160030891,PurpleNancys,4589622380732008,转发微博,1月13日 22:05
4592149444693203,4592149444693203,7519049824,4589622380732008,快转微博,1月11日 11:53
4591975271763401,4591975271763401,7530203085,4589622380732008,两年前的事拿出来说=不实信息，建议取消历史课,1月11日 00:21
4591832044932340,4591832044932340,6548551517,4589622380732008,,1月10日 14:52
4591543175093585,4591543175093585,2631821621,4589622380732008,快转微博,1月9日 19:44
4591390166880678,4591390166880678,5330446597,4589622380732008,“多年呼吁着给性侵犯戴电子镣铐，放着这一全球多个国家通用的经验不用；反倒把电子镣铐戴到了劳动者手上？搞创新？这些决策者脑子里到底装着什么？”,1月9日 09:36
4591095499722706,4591095499722706,3973035746,4589622380732008,怎么这样,1月8日 14:05
4591038997734983,4591038997734983,1797385777,4589622380732008,如果发生在西安，评论里的画风就不一样了,1月8日 10:20
4590935202333067,4590935202333067,5717598872,4589622380732008,只是不是“新闻”，就不实信息了吗，啊这，可是这个东西现在还有啊。,1月8日 03:28
4590910551100922,4590910551100922,2477025927,4589622380732008,？？？,1月8日 01:50
4590876230159908,4590876230159908,7526797085,4589622380732008,？,1月7日 23:34
4590865978759055,4590865978759055,5818107455,4589622380732008,还标记为不实 新闻里又没说是今年干的,1月7日 22:53
4590848597823328,4590848597823328,6475051795,4589622380732008,冲特公，真有你们的,1月7日 21:44
4590693383672955,4590693383672955,3043936355,4589622380732008,点开那个“不实信息”倒是品味出很多东西,1月7日 11:27
4590683949895086,4590683949895086,5238929426,4589622380732008,？？？,1月7日 10:50
4590613351104720,4590613351104720,5324381605,4589622380732008,Repost,1月7日 06:09
4590570184639483,4590570184639483,5663974891,4589622380732008,转发,1月7日 03:18
4590542953906463,4590542953906463,5599746210,4589622380732008,转发,1月7日 01:29
4590495890413249,4590495890413249,1526814405,4589622380732008,,1月6日 22:22
4590484511532653,4590484511532653,7500987843,4589622380732008,……,1月6日 21:37
4590466605777522,4590466605777522,7465313118,4589622380732008,？？？？？？？？？？？？？？？？,1月6日 20:26
4590442743598057,4590442743598057,6023185028,4589622380732008,虽然是旧新闻，但是也是真实的。。。罪犯没用上反倒给我们的劳动者先用上了,1月6日 18:51
4590435681183445,4590435681183445,6407469045,4589622380732008,转发微博,1月6日 18:23
4590360196547099,4590360196547099,1952468195,4589622380732008,不实消息,1月6日 13:23
4590343464693701,4590343464693701,7476868266,4589622380732008,转发微博,1月6日 12:17
4590306445755703,4590306445755703,3645435441,4589622380732008,转发微博,1月6日 09:50
4590295701000001,4590295701000001,6058207979,4589622380732008,转发微博,1月6日 09:07
4590290864177990,4590290864177990,5711957245,4589622380732008,转发微博,1月6日 08:48
4590277216703900,4590277216703900,7477281754,4589622380732008,哈哈哈，该。chi na 人应得的。,1月6日 07:53
4590269935124933,4590269935124933,5261295326,4589622380732008,转发微博,1月6日 07:24
4590122140443594,4590122140443594,5205015909,4589622380732008,转发微博,1月5日 21:37
4590110866415460,4590110866415460,5843603457,4589622380732008,转发微博,1月5日 20:52
4590101625063215,4590101625063215,5907353450,4589622380732008,？？？,1月5日 20:16
4590070801896596,4590070801896596,5824192707,4589622380732008,18年的就是不实吗,1月5日 18:13
4590049733909763,4590049733909763,3162346217,4589622380732008,转发微博,1月5日 16:49
4590040925603864,4590040925603864,3911091326,4589622380732008,？？？？？？？？？？？？,1月5日 16:14
4590012828228217,4590012828228217,6083984577,4589622380732008,转发微博,1月5日 14:23
4590010764368732,4590010764368732,3755008212,4589622380732008,？？？,1月5日 14:15
4590010487276639,4590010487276639,5999920898,4589622380732008,¿ 真实发生过的事情怎么就算不实信息了,1月5日 14:14
4590007552055857,4590007552055857,6031500380,4589622380732008,艹,1月5日 14:02
4590000148324887,4590000148324887,6430994993,4589622380732008,强奸犯电子脚环能落实不？管老实人这么努力，管流氓强奸犯还挺宽容啊,1月5日 13:32
4589984666893908,4589984666893908,Matsuoka,4589622380732008,牛逼,1月5日 12:31
4589969333293062,4589969333293062,5151179531,4589622380732008,转发微博,1月5日 11:30
4589942141357408,4589942141357408,6058447991,4589622380732008,快转微博,1月5日 09:42
4589931231971249,4589931231971249,6611368272,4589622380732008,每次都在吃瓜前线,1月5日 08:59
4589926384146134,4589926384146134,7266253423,4589622380732008,什么鬼玩意,1月5日 08:39
4589925988566987,4589925988566987,2862562964,4589622380732008,最讽刺的还是那个因为过期而“不实”标签,1月5日 08:38
4589916942504825,4589916942504825,1719179684,4589622380732008,18年的新闻，现在还戴着根本没取消就成不实信息了…,1月5日 08:02
4589911862937357,4589911862937357,7502053134,4589622380732008,大家大都还心疼住豪宅的孟晚舟,1月5日 07:42
4589868900417852,4589868900417852,5713631847,4589622380732008,？,1月5日 04:51
4589832607368739,4589832607368739,3499139377,4589622380732008,这是在工作还是在做奴隶啊……,1月5日 02:27
4589831353534245,4589831353534245,7452396189,4589622380732008,。,1月5日 02:22
4589828165599531,4589828165599531,5361205926,4589622380732008,只是过期新闻 不是不实！是否改正？未知！,1月5日 02:09
4589819902820460,4589819902820460,7447518038,4589622380732008,转发,1月5日 01:36
4589817813534954,4589817813534954,2144203040,4589622380732008,#拼多多#  我裂开 怎么反驳人家说你没人权,1月5日 01:28
4589817037330325,4589817037330325,3845596444,4589622380732008,看举报我以为是假的 没想到这是以前真实存在的事情,1月5日 01:25
4589815079373874,4589815079373874,Vickyaizxx,4589622380732008,赛博朋克🙃,1月5日 01:17
4589808875476881,4589808875476881,3947736721,4589622380732008,18面的新闻=不实。我服了,1月5日 00:52
4589805100861558,4589805100861558,2198373327,4589622380732008,人权强国，劳动者的天堂,1月5日 00:37
4589801396764908,4589801396764908,6705026179,4589622380732008,转发,1月5日 00:23
4589798843488267,4589798843488267,7021530930,4589622380732008,Repost,1月5日 00:13
4589790734854264,4589790734854264,5232709289,4589622380732008,,1月4日 23:40
4589789767274705,4589789767274705,5039355861,4589622380732008,转发微博,1月4日 23:36
4589786290195339,4589786290195339,feidelisi,4589622380732008,资本家:现在不用鞭子，带个环驴就会跑了真好//: 怎么不见着强奸犯恋童癖带一个//:笑死了，本来应该是qjf的待遇，结果用在辛辛苦苦的劳动工人身上谁想出来的，呵呵//强奸犯都没有的电子手环安在环卫工人身上,1月4日 23:23
4589785501139727,4589785501139727,5297055751,4589622380732008,,1月4日 23:19
4589784561360959,4589784561360959,7272707641,4589622380732008,魔幻现实,1月4日 23:16
4589779574333779,4589779574333779,6636108551,4589622380732008,？？？,1月4日 22:56
4589776818144499,4589776818144499,5159461938,4589622380732008,这些辟谣就很灵性🙃,1月4日 22:45
4589768219837389,4589768219837389,1107700435,4589622380732008,你妈了,1月4日 22:11
4589767557645514,4589767557645514,5678086923,4589622380732008,转发,1月4日 22:08
4589760363888820,4589760363888820,2252462424,4589622380732008,科科,1月4日 21:40
4589757922814868,4589757922814868,5442851934,4589622380732008,有这东西不用在qj犯身上用在平常人身上 有事吗,1月4日 21:30
4589757801435093,4589757801435093,6737508153,4589622380732008,！？,1月4日 21:29
4589755046568740,4589755046568740,3435305772,4589622380732008,不给强奸犯整个合理吗？,1月4日 21:18
4589752949155284,4589752949155284,5522441092,4589622380732008,哦！原来是18年的新闻，不过现在也有也叫不实,1月4日 21:10
4589752420672091,4589752420672091,5614928772,4589622380732008,Repost,1月4日 21:08
4589752219870036,4589752219870036,fyy233,4589622380732008,我还以为是假的，没想到不实信息是指时间对不上，新浪真有你的啊好狗腿子,1月4日 21:07
4589749635123247,4589749635123247,7046341620,4589622380732008,转发微博,1月4日 20:57
4589748440010864,4589748440010864,2411849453,4589622380732008,转发微博,1月4日 20:52
4589747299946531,4589747299946531,yuelaiyueaini,4589622380732008,这不是应该给强奸犯戴的吗,1月4日 20:48
4589746360164704,4589746360164704,3220079133,4589622380732008,啧啧,1月4日 20:44
4589742710068161,4589742710068161,5183778364,4589622380732008,转发,1月4日 20:29
4589740751589685,4589740751589685,5222958037,4589622380732008,没人性啊,1月4日 20:22
4589739729230021,4589739729230021,6856579867,4589622380732008,？,1月4日 20:18
4589733077061832,4589733077061832,5874832618,4589622380732008,转发微博,1月4日 19:51
4589732241611211,4589732241611211,2280887255,4589622380732008,举报的一会儿说18年，一会儿说19年，又说2020年，真的很搞笑，到底谁是不实消息啊,1月4日 19:48
4589730383278698,4589730383278698,7512914103,4589622380732008,转发微博,1月4日 19:40
4589730332678451,4589730332678451,7444608916,4589622380732008,转发,1月4日 19:40
4589730169368405,4589730169368405,6994102911,4589622380732008,有病？,1月4日 19:40
4589728140362735,4589728140362735,5789800009,4589622380732008,？,1月4日 19:32
4589726940797039,4589726940797039,2136468433,4589622380732008,转发微博,1月4日 19:27
4589725816718841,4589725816718841,5963342461,4589622380732008,转发微博,1月4日 19:22
4589724909710495,4589724909710495,6138073592,4589622380732008,转发,1月4日 19:19
4589724137695997,4589724137695997,6047743344,4589622380732008,转发微博,1月4日 19:16
4589724054586327,4589724054586327,7365878360,4589622380732008,有病吧,1月4日 19:15
4589723564115186,4589723564115186,1238215120,4589622380732008,事情拿出来说，会被骂死。但是越穷的人，越是底层的人，就越会偷奸耍滑，不去这样管理，根本没有办法工作。,1月4日 19:13
4589723538427203,4589723538427203,5324072481,4589622380732008,转发微博,1月4日 19:13
4589722174760981,4589722174760981,7208066286,4589622380732008,转发微博,1月4日 19:08
4589721575238059,4589721575238059,1843925971,4589622380732008,真的，所谓的科技大佬们，别老是盯了老百姓了，也有点企业担当吧,1月4日 19:05
4589720602942691,4589720602942691,2559399807,4589622380732008,Repost,1月4日 19:02
4589720501499321,4589720501499321,2117572672,4589622380732008,转发微博,1月4日 19:01
4589719595527015,4589719595527015,6445353832,4589622380732008,时间是2019年的，事件都是对的，怎么就成不实消息了？？？,1月4日 18:58
4589719356191906,4589719356191906,3867021857,4589622380732008,？？？,1月4日 18:57
4589719264956468,4589719264956468,5615024419,4589622380732008,??????,1月4日 18:56
4589718635286479,4589718635286479,cdromer,4589622380732008,这肯定是过分了。不过也尝试杠一下：既然花的是公帑，国资监管是否应该够严，防止曾盛行于公有经济的薅社会主义羊毛现象及其必然导致的劣币驱逐良币后果？机场保安夜间巡更到点刷卡是否也该取消，大冷天的岁数也不小，为啥不信任人家？【提供两边平衡视角，半真半戏，就不加狗头了】,1月4日 18:54
4589717322731799,4589717322731799,7478961287,4589622380732008,转发微博,1月4日 18:49
4589716361708055,4589716361708055,7476931699,4589622380732008,是过期还是选择性遗忘,1月4日 18:45
4589715762976109,4589715762976109,6142539832,4589622380732008,转发微博,1月4日 18:42
4589715016122374,4589715016122374,6572957009,4589622380732008,呕,1月4日 18:39
4589715007473673,4589715007473673,7514323453,4589622380732008,转发微博,1月4日 18:39
4589714273474261,4589714273474261,1910678154,4589622380732008,转发微博,1月4日 18:36
4589713443524254,4589713443524254,7521911107,4589622380732008,。。。？真是太强大啦,1月4日 18:33
4589712431914395,4589712431914395,5667677495,4589622380732008,真实迷惑,1月4日 18:29
4589712310541015,4589712310541015,6587706857,4589622380732008,拿些大都是上了年纪的环卫工老人开整 天天没事做了一样,1月4日 18:29
4589710897317328,4589710897317328,5862354142,4589622380732008,转发微博,1月4日 18:23
4589710770447598,4589710770447598,5894403768,4589622380732008,？？？？魔幻现实,1月4日 18:23
4589710624167912,4589710624167912,7332601719,4589622380732008,,1月4日 18:22
4589710074709016,4589710074709016,2079102385,4589622380732008,这个装置，有毛病吗🙃🙃🙃,1月4日 18:20
4589709646366947,4589709646366947,erpiziIStwotwo,4589622380732008,这都可以，为什么不给强奸犯上一个？,1月4日 18:18
4589709282514242,4589709282514242,6074755606,4589622380732008,这不实真是把我笑死了，真够好孝的,1月4日 18:17
4589708838176498,4589708838176498,2818019301,4589622380732008,旧新闻就是不实消息吗,1月4日 18:15
4589708569739272,4589708569739272,6278244721,4589622380732008,恋童癖出狱都没这待遇,1月4日 18:14
4589707939812637,4589707939812637,5427141631,4589622380732008,Xjb,1月4日 18:11
4589707935357652,4589707935357652,7294420467,4589622380732008,？,1月4日 18:11
4589707764434917,4589707764434917,1794488194,4589622380732008,这尼玛……,1月4日 18:11
4589707113529501,4589707113529501,7524255459,4589622380732008,……,1月4日 18:08
4589707000813073,4589707000813073,6508967539,4589622380732008,转发微博,1月4日 18:08
4589706551756684,4589706551756684,1905512114,4589622380732008,评论区还原真相！带你体验夹🌊特色！,1月4日 18:06
4589706354109378,4589706354109378,shirleylingkeyi,4589622380732008,这简直就是我大学课上所讲的反面案例的典型…,1月4日 18:05
4589706077287506,4589706077287506,5789984615,4589622380732008,？,1月4日 18:04
4589704521451999,4589704521451999,7093085053,4589622380732008,魔幻现实。。。,1月4日 17:58
4589704328256059,4589704328256059,5851837710,4589622380732008,？？？？,1月4日 17:57
4589704206615799,4589704206615799,3871170668,4589622380732008,转发微博,1月4日 17:56
4589703984584272,4589703984584272,2748149365,4589622380732008,"蛮搞笑的 不管是内容本身还是这个""不实信息""都很好笑",1月4日 17:56
4589703813138793,4589703813138793,1787709751,4589622380732008,转发微博,1月4日 17:55
4589702349066663,4589702349066663,1794250780,4589622380732008,轉發,1月4日 17:49
4589701354493570,4589701354493570,manxueyou,4589622380732008,「不实消息」的条条点进去，就，更幽默了……,1月4日 17:45
4589700201578978,4589700201578978,1687391947,4589622380732008,转发微博,1月4日 17:41
4589699958315352,4589699958315352,1978885782,4589622380732008,。,1月4日 17:40
4589699791062042,4589699791062042,6532283229,4589622380732008,？？？,1月4日 17:39
4589698268534077,4589698268534077,7384794214,4589622380732008,转发微博,1月4日 17:33
4589696396833831,4589696396833831,5480089883,4589622380732008,。。,1月4日 17:25
4589696254477170,4589696254477170,6867297187,4589622380732008,我还以为不实消息是  手环触发警报  这事是假的,1月4日 17:25
4589695763218577,4589695763218577,7195118236,4589622380732008,不觉得自己会当清洁工但是肯定会当强奸犯呗,1月4日 17:23
4589695423490239,4589695423490239,5285172179,4589622380732008,转发微博,1月4日 17:22
4589693041116290,4589693041116290,7314959294,4589622380732008,转发微博,1月4日 17:12
4589692843997405,4589692843997405,5143469656,4589622380732008,转发,1月4日 17:11
4589692618802933,4589692618802933,5267677577,4589622380732008,这个辟谣里的举证也太搞笑了吧，几个人分别说了18 19 20年三个时间段，所以到底是哪个？连个截图、链接都没有，几个人空口说是过期新闻它就是过期新闻了？,1月4日 17:10
4589690848026432,4589690848026432,7269936832,4589622380732008,死吧一起死吧,1月4日 17:03
4589690328715250,4589690328715250,2639313747,4589622380732008,呃呃呃呃呃呃呃呃,1月4日 17:01
4589689145131412,4589689145131412,3178545682,4589622380732008,,1月4日 16:57
4589688583624102,4589688583624102,5317555083,4589622380732008,转发微博,1月4日 16:54
4589688327506437,4589688327506437,6395048229,4589622380732008,看了看举报的信息，原来是真真实实发生过只不过是旧闻，还是震惊,1月4日 16:53
4589687572795282,4589687572795282,5421383039,4589622380732008,转发微博,1月4日 16:50
4589687182197937,4589687182197937,1772301580,4589622380732008,魔幻,1月4日 16:49
4589687106448746,4589687106448746,chevalierl,4589622380732008,18年的新闻21年发所以是“不实”，既然这样那20年的疫情21年说应该也是“不实”咯？——哦对不起，我忘了已经“不实”过一次了,1月4日 16:49
4589686539955584,4589686539955584,5646471270,4589622380732008,操啊,1月4日 16:46
4589686347278132,4589686347278132,5149287433,4589622380732008,原来是旧闻啊不过不还是发生过吗？现在还有吗？,1月4日 16:46
4589684586712143,4589684586712143,2297758700,4589622380732008,强奸犯都没有的电子手环安在环卫工人身上,1月4日 16:39
4589684451449653,4589684451449653,3889478073,4589622380732008,为什么不实消息，哪个逼造谣,1月4日 16:38
4589683797134123,4589683797134123,7314505704,4589622380732008,出狱的犯人都没有的待遇给清洁工,1月4日 16:35
4589683508517109,4589683508517109,6274558082,4589622380732008,就nm离谱,1月4日 16:34
4589683479156382,4589683479156382,3194961344,4589622380732008,,1月4日 16:34
4589682979252274,4589682979252274,5579777399,4589622380732008,转发微博,1月4日 16:32
4589682904796851,4589682904796851,2683159291,4589622380732008,。。。,1月4日 16:32
4589681126153244,4589681126153244,5147143072,4589622380732008,❓,1月4日 16:25
4589680903072403,4589680903072403,6422492459,4589622380732008,？？？,1月4日 16:24
4589680630440840,4589680630440840,6046768828,4589622380732008,我日🐴这东西是这么用的？？？,1月4日 16:23
4589680374589873,4589680374589873,1714512232,4589622380732008,转发微博,1月4日 16:22
4589680319804110,4589680319804110,6648513119,4589622380732008,转发微博,1月4日 16:22
4589679934706098,4589679934706098,5677330496,4589622380732008,？？？？？,1月4日 16:20
4589679368214853,4589679368214853,6104512367,4589622380732008,Repost,1月4日 16:18
4589678919422826,4589678919422826,xuermaomaomao,4589622380732008,转发微博,1月4日 16:16
4589678827144981,4589678827144981,6195498479,4589622380732008,转发微博,1月4日 16:16
4589678575229341,4589678575229341,5165607163,4589622380732008,……,1月4日 16:15
4589677703594647,4589677703594647,5863465353,4589622380732008,。,1月4日 16:11
4589676478079707,4589676478079707,6436905821,4589622380732008,。。。。。。。。。。。。。。。。。。。。。。。。。。。,1月4日 16:06
4589676348057818,4589676348057818,2761648967,4589622380732008,什么玩意儿！？,1月4日 16:06
4589676091945507,4589676091945507,7402456220,4589622380732008,啊…,1月4日 16:05
4589675656782051,4589675656782051,5320268611,4589622380732008,无语至极 18年的新闻 现在还有,1月4日 16:03
4589675178885483,4589675178885483,1834026127,4589622380732008,啊？这里是新中国吗？为什么还有人带着镣铐干活？,1月4日 16:01
4589675173654536,4589675173654536,5874169336,4589622380732008,就尼玛有病吧,1月4日 16:01
4589674549218253,4589674549218253,6383845725,4589622380732008,？？？？？？？,1月4日 15:59
4589674439388878,4589674439388878,7378371603,4589622380732008,“此内容为不实消息”，点开一看，一群人举报说是19年的新闻，那算你妈的不实消息啊？？19年干的事儿21年再说一下就是不实消息了？,1月4日 15:58
4589674263744728,4589674263744728,2915238057,4589622380732008,巨他爹有意思，微博标注“不实消息”，我以为是没有这回事，原来是过期消息。 啊，原来真实发生过呀。,1月4日 15:57
4589673819670851,4589673819670851,6436071338,4589622380732008,老子真的想骂人！！！什么玩意儿？？,1月4日 15:56
4589673743909999,4589673743909999,5896966196,4589622380732008,,1月4日 15:55
4589673530527040,4589673530527040,6446125620,4589622380732008,嗯,1月4日 15:55
4589672082181480,4589672082181480,5225329711,4589622380732008,他妈的强奸犯都用不上这个,1月4日 15:49
4589672036306746,4589672036306746,7216574884,4589622380732008,转发微博,1月4日 15:49
4589671848090397,4589671848090397,2914809387,4589622380732008,发生过被叫停=不实消息,1月4日 15:48
4589670727688953,4589670727688953,6317178009,4589622380732008,什么玩意。罪犯不戴，给清洁工戴。,1月4日 15:43
4589670355177424,4589670355177424,wyoung2008,4589622380732008,想起加拿大的孟晚舟,1月4日 15:42
4589670271294065,4589670271294065,5869524611,4589622380732008,特色主义，强奸犯都没有的待遇，打工人得有,1月4日 15:42
4589670258187147,4589670258187147,1648403537,4589622380732008,奇葩,1月4日 15:42
4589669994465821,4589669994465821,6675688132,4589622380732008,？,1月4日 15:41
4589669829846823,4589669829846823,panzerv,4589622380732008,人不是机器，这么对待清洁工，我个人感觉这个行为是忽视清洁工人的基本人格权。#民法典生效,1月4日 15:40
4589669751193890,4589669751193890,3635660083,4589622380732008,？？？？？？？？？,1月4日 15:40
4589669553024767,4589669553024767,2421719694,4589622380732008,？,1月4日 15:39
4589669536764721,4589669536764721,5620309216,4589622380732008,qjf都没有的东西 凭什么给环卫工带,1月4日 15:39
4589669461528733,4589669461528733,5896030483,4589622380732008,转发微博,1月4日 15:38
4589669393900041,4589669393900041,6705360509,4589622380732008,转发微博,1月4日 15:38
4589668974206739,4589668974206739,2566127300,4589622380732008,真实迷惑,1月4日 15:36
4589668937501817,4589668937501817,2529500280,4589622380732008,转发微博,1月4日 15:36
4589668894508091,4589668894508091,3062259860,4589622380732008,转发微博,1月4日 15:36
4589667929820146,4589667929820146,aisajiang,4589622380732008,凭什么给清洁工人戴上？把清洁工人当什么？://:怎么可以这样？？？？？太过分了！//:多年呼吁着给性侵犯戴电子镣铐，放着这一全球多个国家通用的经验不用；反倒把电子镣铐戴到了劳动者手上？搞创新？这些决策者脑子里到底装着什么？不确定自己会不会性侵，但能确定自己不会当清洁工吗？,1月4日 15:32
4589667900722804,4589667900722804,5458957091,4589622380732008,？,1月4日 15:32
4589667867428467,4589667867428467,6592075064,4589622380732008,不管是哪一年的新闻，出现过就很离谱了,1月4日 15:32
4589667519562075,4589667519562075,5597386535,4589622380732008,转发微博,1月4日 15:31
4589666663401805,4589666663401805,6031721581,4589622380732008,转发,1月4日 15:27
4589666446087201,4589666446087201,HYmss,4589622380732008,强奸犯没戴上，清洁工先戴上了，牛掰格拉斯,1月4日 15:26
4589666445305280,4589666445305280,5029228547,4589622380732008,转发微博,1月4日 15:26
4589666299544215,4589666299544215,6533076292,4589622380732008,,1月4日 15:26
4589666060469024,4589666060469024,1957947867,4589622380732008,《黑  镜》,1月4日 15:25
4589665577083854,4589665577083854,6625417960,4589622380732008,,1月4日 15:23
4589665556630949,4589665556630949,7492657778,4589622380732008,魔幻现实2.0,1月4日 15:23
4589665316776922,4589665316776922,5723473257,4589622380732008,转发微博,1月4日 15:22
4589665224762863,4589665224762863,5882443991,4589622380732008,,1月4日 15:22
4589665170753970,4589665170753970,6375066097,4589622380732008,？？？,1月4日 15:21
4589664948459989,4589664948459989,7313694355,4589622380732008,转发微博,1月4日 15:20
4589664838885113,4589664838885113,3173156291,4589622380732008,无语！,1月4日 15:20
4589664499142131,4589664499142131,6534439092,4589622380732008,？,1月4日 15:19
4589664436752594,4589664436752594,1009258874,4589622380732008,转发微博,1月4日 15:18
4589664306987838,4589664306987838,2431235445,4589622380732008,………1984,1月4日 15:18
4589664273434793,4589664273434793,5288983772,4589622380732008,？？？？？？这是在干什么,1月4日 15:18
4589664213932885,4589664213932885,3161494645,4589622380732008,虽然说是旧新闻，也不代表以后没有,1月4日 15:18
4589664189816526,4589664189816526,3689084170,4589622380732008,…………………………,1月4日 15:17
4592441317916920,4592441317916920,7447893861,4589637110859320,//@梁钰stacey:看来从技术层面上来说，强奸犯出狱后戴电子脚铐并实时监控是可以做到的,1月12日 07:13
4592161473696122,4592161473696122,6549693129,4589637110859320,//@梁钰stacey:看来从技术层面上来说，强奸犯出狱后戴电子脚铐并实时监控是可以做到的,1月11日 12:41
4591877045356040,4591877045356040,6988920470,4589637110859320,不会用对地方吗？//@梁钰stacey:看来从技术层面上来说，强奸犯出狱后戴电子脚铐并实时监控是可以做到的,1月10日 17:51
4591230753186220,4591230753186220,5235751937,4589637110859320,//@梁钰stacey:看来从技术层面上来说，强奸犯出狱后戴电子脚铐并实时监控是可以做到的,1月8日 23:02
4591034480198417,4591034480198417,7036090157,4589637110859320,//@梁钰stacey:看来从技术层面上来说，强奸犯出狱后戴电子脚铐并实时监控是可以做到的,1月8日 10:02
4591032903401739,4591032903401739,2336883814,4589637110859320,//@梁钰stacey:看来从技术层面上来说，强奸犯出狱后戴电子脚铐并实时监控是可以做到的,1月8日 09:56
4590817882161888,4590817882161888,2611972535,4589637110859320,//@梁钰stacey:看来从技术层面上来说，强奸犯出狱后戴电子脚铐并实时监控是可以做到的,1月7日 19:42
4590796931601207,4590796931601207,2936377351,4589637110859320,//@梁钰stacey:看来从技术层面上来说，强奸犯出狱后戴电子脚铐并实时监控是可以做到的,1月7日 18:19
4590796253174688,4590796253174688,6203209040,4589637110859320,//@梁钰stacey:看来从技术层面上来说，强奸犯出狱后戴电子脚铐并实时监控是可以做到的,1月7日 18:16
4590795469096200,4590795469096200,7395786544,4589637110859320,//@梁钰stacey:看来从技术层面上来说，强奸犯出狱后戴电子脚铐并实时监控是可以做到的,1月7日 18:13
4590720830670031,4590720830670031,5907390587,4589637110859320,//@梁钰stacey:看来从技术层面上来说，强奸犯出狱后戴电子脚铐并实时监控是可以做到的,1月7日 13:16
4590636718624564,4590636718624564,6301703022,4589637110859320,//@梁钰stacey:看来从技术层面上来说，强奸犯出狱后戴电子脚铐并实时监控是可以做到的,1月7日 07:42
4590619681097465,4590619681097465,7331836390,4589637110859320,//@梁钰stacey:看来从技术层面上来说，强奸犯出狱后戴电子脚铐并实时监控是可以做到的,1月7日 06:34
4590607445525126,4590607445525126,6405521899,4589637110859320,不把这个技术用于罪犯而是用于环卫工人。这都是什么畜生的世界//@梁钰stacey:看来从技术层面上来说，强奸犯出狱后戴电子脚铐并实时监控是可以做到的,1月7日 05:46
4590577746707018,4590577746707018,3560267177,4589637110859320,//@梁钰stacey:看来从技术层面上来说，强奸犯出狱后戴电子脚铐并实时监控是可以做到的,1月7日 03:48
4590564513415561,4590564513415561,6369226787,4589637110859320,//@梁钰stacey:看来从技术层面上来说，强奸犯出狱后戴电子脚铐并实时监控是可以做到的,1月7日 02:55
4590537569732714,4590537569732714,2610353717,4589637110859320,希望能尽快给强奸犯安排上//@梁钰stacey:看来从技术层面上来说，强奸犯出狱后戴电子脚铐并实时监控是可以做到的,1月7日 01:08
4590529104580405,4590529104580405,6648712676,4589637110859320,//@梁钰stacey:看来从技术层面上来说，强奸犯出狱后戴电子脚铐并实时监控是可以做到的,1月7日 00:34
4590510444387451,4590510444387451,5675167137,4589637110859320,//@梁钰stacey:看来从技术层面上来说，强奸犯出狱后戴电子脚铐并实时监控是可以做到的,1月6日 23:20
4590482350671173,4590482350671173,7452059963,4589637110859320,//@梁钰stacey:看来从技术层面上来说，强奸犯出狱后戴电子脚铐并实时监控是可以做到的,1月6日 21:29
4590480061104987,4590480061104987,6441852908,4589637110859320,再看到点进去，18年的旧闻就是不实消息了。哈哈哈哈哈哈哈哈哈哈哈哈唉，大家真的都很累了//@梁钰stacey:看来从技术层面上来说，强奸犯出狱后戴电子脚铐并实时监控是可以做到的,1月6日 21:19
4590473861399429,4590473861399429,5976506986,4589637110859320,//@梁钰stacey:看来从技术层面上来说，强奸犯出狱后戴电子脚铐并实时监控是可以做到的,1月6日 20:55
4590468429529425,4590468429529425,1032063592,4589637110859320,但是他们贴心的不做//@梁钰stacey:看来从技术层面上来说，强奸犯出狱后戴电子脚铐并实时监控是可以做到的,1月6日 20:33
4590468060942051,4590468060942051,3494439670,4589637110859320,是怕有一天自己会戴上吧//@梁钰stacey:看来从技术层面上来说，强奸犯出狱后戴电子脚铐并实时监控是可以做到的,1月6日 20:32
4590426516627083,4590426516627083,1792946293,4589637110859320,是的，不是不能做，而是不愿意做//@梁钰stacey:看来从技术层面上来说，强奸犯出狱后戴电子脚铐并实时监控是可以做到的,1月6日 17:47
4590365762652781,4590365762652781,2784794395,4589637110859320,//@梁钰stacey:看来从技术层面上来说，强奸犯出狱后戴电子脚铐并实时监控是可以做到的,1月6日 13:45
4590345582544175,4590345582544175,suge901127,4589637110859320,//@梁钰stacey:看来从技术层面上来说，强奸犯出狱后戴电子脚铐并实时监控是可以做到的,1月6日 12:25
4590317963578542,4590317963578542,5342016322,4589637110859320,确实，18年的事//@梁钰stacey:看来从技术层面上来说，强奸犯出狱后戴电子脚铐并实时监控是可以做到的,1月6日 10:35
4590303274869830,4590303274869830,6526068141,4589637110859320,//@梁钰stacey:看来从技术层面上来说，强奸犯出狱后戴电子脚铐并实时监控是可以做到的,1月6日 09:37
4590094118555018,4590094118555018,6202262048,4589637110859320,//@梁钰stacey:看来从技术层面上来说，强奸犯出狱后戴电子脚铐并实时监控是可以做到的,1月5日 19:46
4590060521392893,4590060521392893,5243934063,4589637110859320,//@梁钰stacey:看来从技术层面上来说，强奸犯出狱后戴电子脚铐并实时监控是可以做到的,1月5日 17:32
4590047477109093,4590047477109093,5081581656,4589637110859320,//@梁钰stacey:看来从技术层面上来说，强奸犯出狱后戴电子脚铐并实时监控是可以做到的,1月5日 16:41
4590024836776841,4590024836776841,5669771238,4589637110859320,//@梁钰stacey:看来从技术层面上来说，强奸犯出狱后戴电子脚铐并实时监控是可以做到的,1月5日 15:11
4590021036477053,4590021036477053,3949857504,4589637110859320,//@梁钰stacey:看来从技术层面上来说，强奸犯出狱后戴电子脚铐并实时监控是可以做到的,1月5日 14:55
4590000702229094,4590000702229094,1502659517,4589637110859320,看了一下，不实信息是指什么，原来是因为这件事19年就发生了，不是2020年发生的//@梁钰stacey:看来从技术层面上来说，强奸犯出狱后戴电子脚铐并实时监控是可以做到的,1月5日 13:35
4589994108530296,4589994108530296,1685972121,4589637110859320,//@梁钰stacey:看来从技术层面上来说，强奸犯出狱后戴电子脚铐并实时监控是可以做到的,1月5日 13:08
4589991105411236,4589991105411236,2435699804,4589637110859320,应该给强奸犯戴这种//@梁钰stacey:看来从技术层面上来说，强奸犯出狱后戴电子脚铐并实时监控是可以做到的,1月5日 12:57
4589984843569328,4589984843569328,7082057647,4589637110859320,重新定义不实消息//@梁钰stacey:看来从技术层面上来说，强奸犯出狱后戴电子脚铐并实时监控是可以做到的,1月5日 12:32
4589973594967051,4589973594967051,6686997735,4589637110859320,.//@梁钰stacey:看来从技术层面上来说，强奸犯出狱后戴电子脚铐并实时监控是可以做到的,1月5日 11:47
4589957634590583,4589957634590583,2935675191,4589637110859320,辟谣是因为是19年旧闻，不是环卫工没戴。不过到底为什么不给强奸犯和虐杀犯戴？//@梁钰stacey:看来从技术层面上来说，强奸犯出狱后戴电子脚铐并实时监控是可以做到的,1月5日 10:43
4589949406155516,4589949406155516,2747879435,4589637110859320,强奸犯没戴上，环卫工先戴上了//@梁钰stacey:看来从技术层面上来说，强奸犯出狱后戴电子脚铐并实时监控是可以做到的,1月5日 10:11
4589947237175979,4589947237175979,5264296441,4589637110859320,这是2021？//@梁钰stacey:看来从技术层面上来说，强奸犯出狱后戴电子脚铐并实时监控是可以做到的,1月5日 10:02
4589942845743721,4589942845743721,1589106695,4589637110859320,//@梁钰stacey:看来从技术层面上来说，强奸犯出狱后戴电子脚铐并实时监控是可以做到的,1月5日 09:45
4589937615963975,4589937615963975,7404930217,4589637110859320,//@梁钰stacey:看来从技术层面上来说，强奸犯出狱后戴电子脚铐并实时监控是可以做到的,1月5日 09:24
4589930523918823,4589930523918823,5742533816,4589637110859320,要给他们改（一犯）过（再犯）的机会啊！//@梁钰stacey:看来从技术层面上来说，强奸犯出狱后戴电子脚铐并实时监控是可以做到的,1月5日 08:56
4589930166356141,4589930166356141,3754146797,4589637110859320,//@梁钰stacey:看来从技术层面上来说，强奸犯出狱后戴电子脚铐并实时监控是可以做到的,1月5日 08:54
4589918272095208,4589918272095208,3682472535,4589637110859320,//@梁钰stacey:看来从技术层面上来说，强奸犯出狱后戴电子脚铐并实时监控是可以做到的,1月5日 08:07
4589915180109976,4589915180109976,nicoleran,4589637110859320,//@梁钰stacey:看来从技术层面上来说，强奸犯出狱后戴电子脚铐并实时监控是可以做到的,1月5日 07:55
4589914329451508,4589914329451508,1437770163,4589637110859320,戴！//@梁钰stacey:看来从技术层面上来说，强奸犯出狱后戴电子脚铐并实时监控是可以做到的,1月5日 07:51
4589889653834752,4589889653834752,5184710245,4589637110859320,//@梁钰stacey:看来从技术层面上来说，强奸犯出狱后戴电子脚铐并实时监控是可以做到的,1月5日 06:13
4589863587020959,4589863587020959,6010656189,4589637110859320,//@梁钰stacey:看来从技术层面上来说，强奸犯出狱后戴电子脚铐并实时监控是可以做到的,1月5日 04:30
4589861821219069,4589861821219069,wuaigao,4589637110859320,//@梁钰stacey:看来从技术层面上来说，强奸犯出狱后戴电子脚铐并实时监控是可以做到的,1月5日 04:23
4589860247307161,4589860247307161,5833154193,4589637110859320,//@梁钰stacey:看来从技术层面上来说，强奸犯出狱后戴电子脚铐并实时监控是可以做到的,1月5日 04:17
4589854774526535,4589854774526535,7331553261,4589637110859320,哈哈真的有被无语到该用的地方不用，不该用的地方么来的个起劲//@梁钰stacey:看来从技术层面上来说，强奸犯出狱后戴电子脚铐并实时监控是可以做到的,1月5日 03:55
4589849732186450,4589849732186450,2179547922,4589637110859320,原博实不实不知道，电子镣铐蛮可的//@梁钰stacey:看来从技术层面上来说，强奸犯出狱后戴电子脚铐并实时监控是可以做到的,1月5日 03:35
4589844485374760,4589844485374760,5504768535,4589637110859320,乌鸡鲅鱼//@梁钰stacey:看来从技术层面上来说，强奸犯出狱后戴电子脚铐并实时监控是可以做到的,1月5日 03:14
4589816136073364,4589816136073364,3795757205,4589637110859320,//@梁钰stacey:看来从技术层面上来说，强奸犯出狱后戴电子脚铐并实时监控是可以做到的,1月5日 01:21
4589816039081182,4589816039081182,EXOLZANGYIXING,4589637110859320,//@梁钰stacey:看来从技术层面上来说，强奸犯出狱后戴电子脚铐并实时监控是可以做到的,1月5日 01:21
4589808124433300,4589808124433300,6132411382,4589637110859320,//@梁钰stacey:看来从技术层面上来说，强奸犯出狱后戴电子脚铐并实时监控是可以做到的,1月5日 00:49
4589806866403625,4589806866403625,5691068428,4589637110859320,//@梁钰stacey:看来从技术层面上来说，强奸犯出狱后戴电子脚铐并实时监控是可以做到的,1月5日 00:44
4589806376456077,4589806376456077,7124633488,4589637110859320,//@梁钰stacey:看来从技术层面上来说，强奸犯出狱后戴电子脚铐并实时监控是可以做到的,1月5日 00:42
4589777287914750,4589777287914750,6083492264,4589637110859320,//@梁钰stacey:看来从技术层面上来说，强奸犯出狱后戴电子脚铐并实时监控是可以做到的,1月4日 22:47
4589768790247853,4589768790247853,1882724832,4589637110859320,//@梁钰stacey:看来从技术层面上来说，强奸犯出狱后戴电子脚铐并实时监控是可以做到的,1月4日 22:13
4589762625931630,4589762625931630,5986825279,4589637110859320,//@梁钰stacey:看来从技术层面上来说，强奸犯出狱后戴电子脚铐并实时监控是可以做到的,1月4日 21:49
4589751044680789,4589751044680789,imzshui,4589637110859320,//@梁钰stacey:看来从技术层面上来说，强奸犯出狱后戴电子脚铐并实时监控是可以做到的,1月4日 21:03
4589750998284061,4589750998284061,3759405451,4589637110859320,//@梁钰stacey:看来从技术层面上来说，强奸犯出狱后戴电子脚铐并实时监控是可以做到的,1月4日 21:02
4589740362044632,4589740362044632,3032765457,4589637110859320,//@梁钰stacey:看来从技术层面上来说，强奸犯出狱后戴电子脚铐并实时监控是可以做到的,1月4日 20:20
4589739426978045,4589739426978045,7301666680,4589637110859320,但我们的法律系统不肯这么做。//@梁钰stacey:看来从技术层面上来说，强奸犯出狱后戴电子脚铐并实时监控是可以做到的,1月4日 20:16
4589738935199454,4589738935199454,5514305432,4589637110859320,牛死了哈哈，因为是旧新闻所以不实嘛//@梁钰stacey:看来从技术层面上来说，强奸犯出狱后戴电子脚铐并实时监控是可以做到的,1月4日 20:14
4589736427526268,4589736427526268,songran99,4589637110859320,//@梁钰stacey:看来从技术层面上来说，强奸犯出狱后戴电子脚铐并实时监控是可以做到的,1月4日 20:05
4589731156067183,4589731156067183,6019469374,4589637110859320,//@梁钰stacey:看来从技术层面上来说，强奸犯出狱后戴电子脚铐并实时监控是可以做到的,1月4日 19:44
4589728538303163,4589728538303163,ziyangezhuren,4589637110859320,//@梁钰stacey:看来从技术层面上来说，强奸犯出狱后戴电子脚铐并实时监控是可以做到的,1月4日 19:33
4589728110484542,4589728110484542,doubixiaowangzi,4589637110859320,。。。。。。。。。。。//@梁钰stacey:看来从技术层面上来说，强奸犯出狱后戴电子脚铐并实时监控是可以做到的,1月4日 19:31
4589726411260826,4589726411260826,7438738646,4589637110859320,//@梁钰stacey:看来从技术层面上来说，强奸犯出狱后戴电子脚铐并实时监控是可以做到的,1月4日 19:25
4589725404379431,4589725404379431,5253972437,4589637110859320,//@梁钰stacey:看来从技术层面上来说，强奸犯出狱后戴电子脚铐并实时监控是可以做到的,1月4日 19:21
4589722196510238,4589722196510238,cnlayra,4589637110859320,//@梁钰stacey:看来从技术层面上来说，强奸犯出狱后戴电子脚铐并实时监控是可以做到的,1月4日 19:08
4589717645426735,4589717645426735,wjxgua,4589637110859320,//@梁钰stacey:看来从技术层面上来说，强奸犯出狱后戴电子脚铐并实时监控是可以做到的,1月4日 18:50
4589716714816308,4589716714816308,5294335095,4589637110859320,//@梁钰stacey:看来从技术层面上来说，强奸犯出狱后戴电子脚铐并实时监控是可以做到的,1月4日 18:46
4589716059729225,4589716059729225,6198363981,4589637110859320,//@梁钰stacey:看来从技术层面上来说，强奸犯出狱后戴电子脚铐并实时监控是可以做到的,1月4日 18:44
4589714680321629,4589714680321629,6591534824,4589637110859320,不是不能 而是不愿意 //@梁钰stacey:看来从技术层面上来说，强奸犯出狱后戴电子脚铐并实时监控是可以做到的,1月4日 18:38
4589714462476703,4589714462476703,2876091311,4589637110859320,//@梁钰stacey:看来从技术层面上来说，强奸犯出狱后戴电子脚铐并实时监控是可以做到的,1月4日 18:37
4589712491156310,4589712491156310,6713110755,4589637110859320,这他妈//@梁钰stacey:看来从技术层面上来说，强奸犯出狱后戴电子脚铐并实时监控是可以做到的,1月4日 18:29
4589711928853129,4589711928853129,5973608739,4589637110859320,//@梁钰stacey:看来从技术层面上来说，强奸犯出狱后戴电子脚铐并实时监控是可以做到的,1月4日 18:27
4589711874332931,4589711874332931,7126408102,4589637110859320,绝了，保护强奸犯的人权，给清洁工带手环//@梁钰stacey:看来从技术层面上来说，强奸犯出狱后戴电子脚铐并实时监控是可以做到的,1月4日 18:27
4589707226783992,4589707226783992,6002102519,4589637110859320,//@梁钰stacey:看来从技术层面上来说，强奸犯出狱后戴电子脚铐并实时监控是可以做到的,1月4日 18:08
4589706102969437,4589706102969437,7505255345,4589637110859320,//@梁钰stacey:看来从技术层面上来说，强奸犯出狱后戴电子脚铐并实时监控是可以做到的,1月4日 18:04
4589705892995570,4589705892995570,5534142940,4589637110859320,//@梁钰stacey:看来从技术层面上来说，强奸犯出狱后戴电子脚铐并实时监控是可以做到的,1月4日 18:03
4589702130440151,4589702130440151,5970290655,4589637110859320,我也这么想//@梁钰stacey:看来从技术层面上来说，强奸犯出狱后戴电子脚铐并实时监控是可以做到的,1月4日 17:48
4589699148808991,4589699148808991,1768771344,4589637110859320,//@梁钰stacey:看来从技术层面上来说，强奸犯出狱后戴电子脚铐并实时监控是可以做到的,1月4日 17:36
4589698775780090,4589698775780090,3750351043,4589637110859320,//@梁钰stacey:看来从技术层面上来说，强奸犯出狱后戴电子脚铐并实时监控是可以做到的,1月4日 17:35
4589693499083817,4589693499083817,6424185329,4589637110859320,//@梁钰stacey:看来从技术层面上来说，强奸犯出狱后戴电子脚铐并实时监控是可以做到的,1月4日 17:14
4589693146759984,4589693146759984,7314959294,4589637110859320,//@梁钰stacey:看来从技术层面上来说，强奸犯出狱后戴电子脚铐并实时监控是可以做到的,1月4日 17:13
4589693100105116,4589693100105116,5243692172,4589637110859320,//@梁钰stacey:看来从技术层面上来说，强奸犯出狱后戴电子脚铐并实时监控是可以做到的,1月4日 17:12
4589692810433383,4589692810433383,1767360490,4589637110859320,//@梁钰stacey:看来从技术层面上来说，强奸犯出狱后戴电子脚铐并实时监控是可以做到的,1月4日 17:11
4589691787810870,4589691787810870,7008587338,4589637110859320,//@梁钰stacey:看来从技术层面上来说，强奸犯出狱后戴电子脚铐并实时监控是可以做到的,1月4日 17:07
4589691368902614,4589691368902614,5997204825,4589637110859320,//@梁钰stacey: 看来从技术层面上来说，强奸犯出狱后戴电子脚铐并实时监控是可以做到的,1月4日 17:05
4589689975087109,4589689975087109,5857718595,4589637110859320,//@梁钰stacey:看来从技术层面上来说，强奸犯出狱后戴电子脚铐并实时监控是可以做到的,1月4日 17:00
4589686989785995,4589686989785995,2584142381,4589637110859320,//@梁钰stacey:看来从技术层面上来说，强奸犯出狱后戴电子脚铐并实时监控是可以做到的,1月4日 16:48
4589685063553633,4589685063553633,2612387233,4589637110859320,这不应该给强奸犯戴的吗？？？//@梁钰stacey:看来从技术层面上来说，强奸犯出狱后戴电子脚铐并实时监控是可以做到的,1月4日 16:40
4589684812162705,4589684812162705,7212382033,4589637110859320,//@梁钰stacey:看来从技术层面上来说，强奸犯出狱后戴电子脚铐并实时监控是可以做到的,1月4日 16:39
4589684632064535,4589684632064535,2946157227,4589637110859320,？？？？？？//@梁钰stacey:看来从技术层面上来说，强奸犯出狱后戴电子脚铐并实时监控是可以做到的,1月4日 16:39
4589683013845977,4589683013845977,5579777399,4589637110859320,//@梁钰stacey:看来从技术层面上来说，强奸犯出狱后戴电子脚铐并实时监控是可以做到的,1月4日 16:32
4589682157684412,4589682157684412,2584432724,4589637110859320,支持//@梁钰stacey:看来从技术层面上来说，强奸犯出狱后戴电子脚铐并实时监控是可以做到的,1月4日 16:29
4589679611478182,4589679611478182,zoe466,4589637110859320,//@梁钰stacey:看来从技术层面上来说，强奸犯出狱后戴电子脚铐并实时监控是可以做到的,1月4日 16:19
4589678257243748,4589678257243748,5647651294,4589637110859320,//@梁钰stacey:看来从技术层面上来说，强奸犯出狱后戴电子脚铐并实时监控是可以做到的,1月4日 16:13
4589678046742709,4589678046742709,5226022280,4589637110859320,//@梁钰stacey:看来从技术层面上来说，强奸犯出狱后戴电子脚铐并实时监控是可以做到的,1月4日 16:13
4589676901446549,4589676901446549,6917959370,4589637110859320,//@梁钰stacey:看来从技术层面上来说，强奸犯出狱后戴电子脚铐并实时监控是可以做到的,1月4日 16:08
4589676449240239,4589676449240239,6414953119,4589637110859320,//@梁钰stacey:看来从技术层面上来说，强奸犯出狱后戴电子脚铐并实时监控是可以做到的,1月4日 16:06
4589675421116830,4589675421116830,7391966973,4589637110859320,//@梁钰stacey:看来从技术层面上来说，强奸犯出狱后戴电子脚铐并实时监控是可以做到的,1月4日 16:02
4589675006924383,4589675006924383,6034907899,4589637110859320,好家伙//@梁钰stacey:看来从技术层面上来说，强奸犯出狱后戴电子脚铐并实时监控是可以做到的,1月4日 16:00
4589674549740653,4589674549740653,5391761388,4589637110859320,//@梁钰stacey:看来从技术层面上来说，强奸犯出狱后戴电子脚铐并实时监控是可以做到的,1月4日 15:59
4589673902773550,4589673902773550,5092446494,4589637110859320,//@梁钰stacey:看来从技术层面上来说，强奸犯出狱后戴电子脚铐并实时监控是可以做到的,1月4日 15:56
4589673718749016,4589673718749016,5347794935,4589637110859320,//@梁钰stacey:看来从技术层面上来说，强奸犯出狱后戴电子脚铐并实时监控是可以做到的,1月4日 15:55
4589673554907174,4589673554907174,6530629605,4589637110859320,//@梁钰stacey:看来从技术层面上来说，强奸犯出狱后戴电子脚铐并实时监控是可以做到的,1月4日 15:55
4589671784386769,4589671784386769,6200241470,4589637110859320,然而…//@梁钰stacey:看来从技术层面上来说，强奸犯出狱后戴电子脚铐并实时监控是可以做到的,1月4日 15:48
4589671272939932,4589671272939932,6471615491,4589637110859320,//@梁钰stacey:看来从技术层面上来说，强奸犯出狱后戴电子脚铐并实时监控是可以做到的,1月4日 15:46
4589670811582235,4589670811582235,3930390555,4589637110859320,不得不怀疑那些持反对意见的领导们是不是在给自己留后路//@梁钰stacey:看来从技术层面上来说，强奸犯出狱后戴电子脚铐并实时监控是可以做到的,1月4日 15:44
4589670384541461,4589670384541461,6332742336,4589637110859320,//@梁钰stacey:看来从技术层面上来说，强奸犯出狱后戴电子脚铐并实时监控是可以做到的,1月4日 15:42
4589670106928453,4589670106928453,2048551362,4589637110859320,没错！//@梁钰stacey:看来从技术层面上来说，强奸犯出狱后戴电子脚铐并实时监控是可以做到的,1月4日 15:41
4589670032212916,4589670032212916,qbdog,4589637110859320,//@梁钰stacey:看来从技术层面上来说，强奸犯出狱后戴电子脚铐并实时监控是可以做到的,1月4日 15:41
4589669952788000,4589669952788000,6385389558,4589637110859320,哈 是的//@梁钰stacey:看来从技术层面上来说，强奸犯出狱后戴电子脚铐并实时监控是可以做到的,1月4日 15:40
4589669943615022,4589669943615022,3527411667,4589637110859320,//@梁钰stacey:看来从技术层面上来说，强奸犯出狱后戴电子脚铐并实时监控是可以做到的,1月4日 15:40
4589669390222784,4589669390222784,6984421398,4589637110859320,可他们不愿意呐//@梁钰stacey:看来从技术层面上来说，强奸犯出狱后戴电子脚铐并实时监控是可以做到的,1月4日 15:38
4589668996486561,4589668996486561,6437866277,4589637110859320,//@梁钰stacey:看来从技术层面上来说，强奸犯出狱后戴电子脚铐并实时监控是可以做到的,1月4日 15:37
4589668744830095,4589668744830095,3185275042,4589637110859320,//@梁钰stacey:看来从技术层面上来说，强奸犯出狱后戴电子脚铐并实时监控是可以做到的,1月4日 15:36
4589667787218739,4589667787218739,6023749231,4589637110859320,//@梁钰stacey:看来从技术层面上来说，强奸犯出狱后戴电子脚铐并实时监控是可以做到的,1月4日 15:32
4589667134210831,4589667134210831,2477064731,4589637110859320,//@梁钰stacey:看来从技术层面上来说，强奸犯出狱后戴电子脚铐并实时监控是可以做到的,1月4日 15:29
4589665925212629,4589665925212629,3207631214,4589637110859320,//@梁钰stacey:看来从技术层面上来说，强奸犯出狱后戴电子脚铐并实时监控是可以做到的,1月4日 15:24
4589665750091670,4589665750091670,5159544931,4589637110859320,//@梁钰stacey:看来从技术层面上来说，强奸犯出狱后戴电子脚铐并实时监控是可以做到的,1月4日 15:24
4589665618756380,4589665618756380,3967092339,4589637110859320,真是魔幻世界，强奸犯恋童癖精神病都没用上的电子脚环，套在了环卫工人身上//@梁钰stacey:看来从技术层面上来说，强奸犯出狱后戴电子脚铐并实时监控是可以做到的,1月4日 15:23
4589665346651404,4589665346651404,7395934249,4589637110859320,服了该用的不给用//@梁钰stacey:看来从技术层面上来说，强奸犯出狱后戴电子脚铐并实时监控是可以做到的,1月4日 15:22
4589665220304121,4589665220304121,2944769005,4589637110859320,//@梁钰stacey:看来从技术层面上来说，强奸犯出狱后戴电子脚铐并实时监控是可以做到的,1月4日 15:22
4589662993387257,4589662993387257,6838852300,4589637110859320,//@梁钰stacey:看来从技术层面上来说，强奸犯出狱后戴电子脚铐并实时监控是可以做到的,1月4日 15:13
4589662922605980,4589662922605980,5036665694,4589637110859320,//@梁钰stacey:看来从技术层面上来说，强奸犯出狱后戴电子脚铐并实时监控是可以做到的,1月4日 15:12
4589662486665587,4589662486665587,5948834443,4589637110859320,//@梁钰stacey:看来从技术层面上来说，强奸犯出狱后戴电子脚铐并实时监控是可以做到的,1月4日 15:11
4589662393863844,4589662393863844,3516849857,4589637110859320,2021奴隶制度？？？//@梁钰stacey:看来从技术层面上来说，强奸犯出狱后戴电子脚铐并实时监控是可以做到的,1月4日 15:10
4589662226612420,4589662226612420,3634063220,4589637110859320,敢不敢给那些恋童癖强奸犯带？？？真就有病//@梁钰stacey:看来从技术层面上来说，强奸犯出狱后戴电子脚铐并实时监控是可以做到的,1月4日 15:10
4589661256950813,4589661256950813,2695019340,4589637110859320,//@梁钰stacey:看来从技术层面上来说，强奸犯出狱后戴电子脚铐并实时监控是可以做到的,1月4日 15:06
4589660547842980,4589660547842980,7214886407,4589637110859320,//@梁钰stacey:看来从技术层面上来说，强奸犯出狱后戴电子脚铐并实时监控是可以做到的,1月4日 15:03
4589660422023843,4589660422023843,1934896015,4589637110859320,//@梁钰stacey:看来从技术层面上来说，强奸犯出狱后戴电子脚铐并实时监控是可以做到的,1月4日 15:02
4589660375876820,4589660375876820,6462425583,4589637110859320,//@梁钰stacey:看来从技术层面上来说，强奸犯出狱后戴电子脚铐并实时监控是可以做到的,1月4日 15:02
4589659735465632,4589659735465632,JackyChenlin,4589637110859320,强奸性侵猥亵的犯罪分子，都可以用//@梁钰stacey:看来从技术层面上来说，强奸犯出狱后戴电子脚铐并实时监控是可以做到的,1月4日 15:00
4589659186011121,4589659186011121,5744323641,4589637110859320,//@梁钰stacey:看来从技术层面上来说，强奸犯出狱后戴电子脚铐并实时监控是可以做到的,1月4日 14:58
4589659131479010,4589659131479010,6498552583,4589637110859320,强烈支持给强奸犯猥亵犯戴//@梁钰stacey:看来从技术层面上来说，强奸犯出狱后戴电子脚铐并实时监控是可以做到的,1月4日 14:57
4589658942740379,4589658942740379,7127863591,4589637110859320,//@梁钰stacey:看来从技术层面上来说，强奸犯出狱后戴电子脚铐并实时监控是可以做到的,1月4日 14:57
4589658921240405,4589658921240405,7520276688,4589637110859320,//@梁钰stacey:看来从技术层面上来说，强奸犯出狱后戴电子脚铐并实时监控是可以做到的,1月4日 14:57
4589658488965658,4589658488965658,2137072375,4589637110859320,//@梁钰stacey:看来从技术层面上来说，强奸犯出狱后戴电子脚铐并实时监控是可以做到的,1月4日 14:55
4589657838593383,4589657838593383,5818868195,4589637110859320,//@梁钰stacey:看来从技术层面上来说，强奸犯出狱后戴电子脚铐并实时监控是可以做到的,1月4日 14:52
4589657768329397,4589657768329397,6469911914,4589637110859320,支持给强奸犯戴，而不是给劳动人民戴//@梁钰stacey:看来从技术层面上来说，强奸犯出狱后戴电子脚铐并实时监控是可以做到的,1月4日 14:52
4589656781362768,4589656781362768,5864015120,4589637110859320,？？？环卫工人休息20分钟都不行吗//@梁钰stacey:看来从技术层面上来说，强奸犯出狱后戴电子脚铐并实时监控是可以做到的,1月4日 14:48
4589656774020778,4589656774020778,5862062675,4589637110859320,//@梁钰stacey:看来从技术层面上来说，强奸犯出狱后戴电子脚铐并实时监控是可以做到的,1月4日 14:48
4589656698258994,4589656698258994,1940945805,4589637110859320,//@梁钰stacey:看来从技术层面上来说，强奸犯出狱后戴电子脚铐并实时监控是可以做到的,1月4日 14:48
4589656635607793,4589656635607793,6263194621,4589637110859320,哪有那么多技术原因//@梁钰stacey:看来从技术层面上来说，强奸犯出狱后戴电子脚铐并实时监控是可以做到的,1月4日 14:47
4589656299281978,4589656299281978,6452143820,4589637110859320,//@梁钰stacey:看来从技术层面上来说，强奸犯出狱后戴电子脚铐并实时监控是可以做到的,1月4日 14:46
4589655838953656,4589655838953656,7386451457,4589637110859320,？？？？//@梁钰stacey:看来从技术层面上来说，强奸犯出狱后戴电子脚铐并实时监控是可以做到的,1月4日 14:44
4589655565018496,4589655565018496,1201329621,4589637110859320,//@梁钰stacey:看来从技术层面上来说，强奸犯出狱后戴电子脚铐并实时监控是可以做到的,1月4日 14:43
4589655502621340,4589655502621340,5298288588,4589637110859320,//@梁钰stacey:看来从技术层面上来说，强奸犯出狱后戴电子脚铐并实时监控是可以做到的,1月4日 14:43
4589655359494006,4589655359494006,5745804648,4589637110859320,“我”舍不得！不是技术无法满足，主要是舍不得舍不得舍不得！//@梁钰stacey:看来从技术层面上来说，强奸犯出狱后戴电子脚铐并实时监控是可以做到的,1月4日 14:42
4589654973876798,4589654973876798,5629427804,4589637110859320,Repost,1月4日 14:41
4589654685520346,4589654685520346,7338671032,4589637110859320,。//@梁钰stacey:看来从技术层面上来说，强奸犯出狱后戴电子脚铐并实时监控是可以做到的,1月4日 14:40
4589654202130910,4589654202130910,7141757584,4589637110859320,转发微博,1月4日 14:38
4589653947061403,4589653947061403,5633928084,4589637110859320,//@梁钰stacey:看来从技术层面上来说，强奸犯出狱后戴电子脚铐并实时监控是可以做到的,1月4日 14:37
4589653749405911,4589653749405911,renyuby,4589637110859320,给该用的人用吧//@梁钰stacey:看来从技术层面上来说，强奸犯出狱后戴电子脚铐并实时监控是可以做到的,1月4日 14:36
4589653703527725,4589653703527725,6089082687,4589637110859320,//@梁钰stacey:看来从技术层面上来说，强奸犯出狱后戴电子脚铐并实时监控是可以做到的,1月4日 14:36
4589653615183955,4589653615183955,7051904627,4589637110859320,//@梁钰stacey:看来从技术层面上来说，强奸犯出狱后戴电子脚铐并实时监控是可以做到的,1月4日 14:35
4589653452396674,4589653452396674,6034969531,4589637110859320,//@梁钰stacey:看来从技术层面上来说，强奸犯出狱后戴电子脚铐并实时监控是可以做到的,1月4日 14:35
4589653451866498,4589653451866498,paoooooer,4589637110859320,//@梁钰stacey:看来从技术层面上来说，强奸犯出狱后戴电子脚铐并实时监控是可以做到的,1月4日 14:35
4589653375844545,4589653375844545,5610573295,4589637110859320,转发微博,1月4日 14:34
4589653342814880,4589653342814880,5669730337,4589637110859320,就你妈离谱 强奸犯都不用带这个//@梁钰stacey:看来从技术层面上来说，强奸犯出狱后戴电子脚铐并实时监控是可以做到的,1月4日 14:34
4589652985523889,4589652985523889,2818205904,4589637110859320,啊这//@梁钰stacey: 看来从技术层面上来说，强奸犯出狱后戴电子脚铐并实时监控是可以做到的,1月4日 14:33
4589652759035218,4589652759035218,3478433772,4589637110859320,？//@梁钰stacey:看来从技术层面上来说，强奸犯出狱后戴电子脚铐并实时监控是可以做到的,1月4日 14:32
4589652712895250,4589652712895250,6358640310,4589637110859320,就尼玛无语//@梁钰stacey:看来从技术层面上来说，强奸犯出狱后戴电子脚铐并实时监控是可以做到的,1月4日 14:32
4589652503699877,4589652503699877,7447724166,4589637110859320,//@梁钰stacey: 看来从技术层面上来说，强奸犯出狱后戴电子脚铐并实时监控是可以做到的,1月4日 14:31
4589652327531374,4589652327531374,2632182833,4589637110859320,//@梁钰stacey:看来从技术层面上来说，强奸犯出狱后戴电子脚铐并实时监控是可以做到的,1月4日 14:30
4589652277992715,4589652277992715,hmlphhy,4589637110859320,//@梁钰stacey:看来从技术层面上来说，强奸犯出狱后戴电子脚铐并实时监控是可以做到的,1月4日 14:30
4589652273267662,4589652273267662,2639553863,4589637110859320,//@梁钰stacey:看来从技术层面上来说，强奸犯出狱后戴电子脚铐并实时监控是可以做到的,1月4日 14:30
4589652135123682,4589652135123682,2763874103,4589637110859320,转发微博,1月4日 14:30
4589652059098949,4589652059098949,shlzbjj,4589637110859320,//@梁钰stacey:看来从技术层面上来说，强奸犯出狱后戴电子脚铐并实时监控是可以做到的,1月4日 14:29
4589651945590383,4589651945590383,7330031931,4589637110859320,//@梁钰stacey:看来从技术层面上来说，强奸犯出狱后戴电子脚铐并实时监控是可以做到的,1月4日 14:29
4589651782799562,4589651782799562,5405233333,4589637110859320,//@梁钰stacey:看来从技术层面上来说，强奸犯出狱后戴电子脚铐并实时监控是可以做到的,1月4日 14:28
4589651584625839,4589651584625839,kikuro815,4589637110859320,本该用在罪犯身上的东西怎么用在工人身上//@梁钰stacey:看来从技术层面上来说，强奸犯出狱后戴电子脚铐并实时监控是可以做到的,1月4日 14:27
4589651505973310,4589651505973310,7331866090,4589637110859320,就特么离谱//@梁钰stacey:看来从技术层面上来说，强奸犯出狱后戴电子脚铐并实时监控是可以做到的,1月4日 14:27
4589651500999703,4589651500999703,2884503750,4589637110859320,//@梁钰stacey:看来从技术层面上来说，强奸犯出狱后戴电子脚铐并实时监控是可以做到的,1月4日 14:27
4589651476092184,4589651476092184,5839904435,4589637110859320,//@梁钰stacey:看来从技术层面上来说，强奸犯出狱后戴电子脚铐并实时监控是可以做到的,1月4日 14:27
4589651246187206,4589651246187206,5228878916,4589637110859320,艹//@梁钰stacey:看来从技术层面上来说，强奸犯出狱后戴电子脚铐并实时监控是可以做到的,1月4日 14:26
4589651044866319,4589651044866319,2329340611,4589637110859320,//@梁钰stacey:看来从技术层面上来说，强奸犯出狱后戴电子脚铐并实时监控是可以做到的,1月4日 14:25
4589651044340261,4589651044340261,6586174432,4589637110859320,牛逼了//@梁钰stacey:看来从技术层面上来说，强奸犯出狱后戴电子脚铐并实时监控是可以做到的,1月4日 14:25
4589650981427893,4589650981427893,2843931134,4589637110859320,//@梁钰stacey:看来从技术层面上来说，强奸犯出狱后戴电子脚铐并实时监控是可以做到的,1月4日 14:25
4589650931356592,4589650931356592,7266729017,4589637110859320,//@梁钰stacey:看来从技术层面上来说，强奸犯出狱后戴电子脚铐并实时监控是可以做到的,1月4日 14:25
4589650909605076,4589650909605076,5865572760,4589637110859320,//@梁钰stacey: 看来从技术层面上来说，强奸犯出狱后戴电子脚铐并实时监控是可以做到的,1月4日 14:25
4589650750738504,4589650750738504,a13236669876,4589637110859320,转发微博,1月4日 14:24
4589650577986487,4589650577986487,1961193031,4589637110859320,……有病吧 该监控的不监控 不该监控的乱监控//@梁钰stacey:看来从技术层面上来说，强奸犯出狱后戴电子脚铐并实时监控是可以做到的,1月4日 14:23
4589650482301750,4589650482301750,5946020458,4589637110859320,//@梁钰stacey:看来从技术层面上来说，强奸犯出狱后戴电子脚铐并实时监控是可以做到的,1月4日 14:23
4589650356212935,4589650356212935,2324548911,4589637110859320,//@梁钰stacey:看来从技术层面上来说，强奸犯出狱后戴电子脚铐并实时监控是可以做到的,1月4日 14:22
4589650305356365,4589650305356365,1862600823,4589637110859320,对，请给强奸犯也带一个//@梁钰stacey: 看来从技术层面上来说，强奸犯出狱后戴电子脚铐并实时监控是可以做到的,1月4日 14:22
4589650260528975,4589650260528975,besibai,4589637110859320,//@梁钰stacey:看来从技术层面上来说，强奸犯出狱后戴电子脚铐并实时监控是可以做到的,1月4日 14:22
4589650188439962,4589650188439962,6776840079,4589637110859320,//@梁钰stacey:看来从技术层面上来说，强奸犯出狱后戴电子脚铐并实时监控是可以做到的,1月4日 14:22
4589649987641274,4589649987641274,1881887555,4589637110859320,//@梁钰stacey:看来从技术层面上来说，强奸犯出狱后戴电子脚铐并实时监控是可以做到的,1月4日 14:21
4589649957751429,4589649957751429,7187559714,4589637110859320,//@梁钰stacey:看来从技术层面上来说，强奸犯出狱后戴电子脚铐并实时监控是可以做到的,1月4日 14:21
4589649836118081,4589649836118081,1602682904,4589637110859320,//@梁钰stacey:看来从技术层面上来说，强奸犯出狱后戴电子脚铐并实时监控是可以做到的,1月4日 14:20
4589649764551858,4589649764551858,5094070620,4589637110859320,所以能用在正道上吗？,1月4日 14:20
4589649697183326,4589649697183326,5073463281,4589637110859320,艹//@梁钰stacey:看来从技术层面上来说，强奸犯出狱后戴电子脚铐并实时监控是可以做到的,1月4日 14:20
4589649659693757,4589649659693757,3304716467,4589637110859320,……//@梁钰stacey:看来从技术层面上来说，强奸犯出狱后戴电子脚铐并实时监控是可以做到的,1月4日 14:20
4589649367145403,4589649367145403,6615966942,4589637110859320,//@梁钰stacey:看来从技术层面上来说，强奸犯出狱后戴电子脚铐并实时监控是可以做到的,1月4日 14:19
4589649328609442,4589649328609442,Tu88586,4589637110859320,梦回奴隶社会//@梁钰stacey:看来从技术层面上来说，强奸犯出狱后戴电子脚铐并实时监控是可以做到的,1月4日 14:18
4589649026100964,4589649026100964,1028478792,4589637110859320,………//@梁钰stacey:看来从技术层面上来说，强奸犯出狱后戴电子脚铐并实时监控是可以做到的,1月4日 14:17
4589648984673110,4589648984673110,5077328714,4589637110859320,强奸犯不给用 说怕侵犯强奸犯人权 好家伙 转头就给劳动人民用上了 //@梁钰stacey:看来从技术层面上来说，强奸犯出狱后戴电子脚铐并实时监控是可以做到的,1月4日 14:17
4589648908650494,4589648908650494,5626011847,4589637110859320,大无语//@梁钰stacey:看来从技术层面上来说，强奸犯出狱后戴电子脚铐并实时监控是可以做到的,1月4日 14:17
4589648809303510,4589648809303510,5043171828,4589637110859320,//@梁钰stacey:看来从技术层面上来说，强奸犯出狱后戴电子脚铐并实时监控是可以做到的,1月4日 14:16
4589648717027344,4589648717027344,5354108343,4589637110859320,//@梁钰stacey:看来从技术层面上来说，强奸犯出狱后戴电子脚铐并实时监控是可以做到的,1月4日 14:16
4589648330359854,4589648330359854,6317294673,4589637110859320,为什么，每次这种事都折腾清洁工？//@梁钰stacey:看来从技术层面上来说，强奸犯出狱后戴电子脚铐并实时监控是可以做到的,1月4日 14:14
4589648268233244,4589648268233244,2283138185,4589637110859320,//@梁钰stacey:看来从技术层面上来说，强奸犯出狱后戴电子脚铐并实时监控是可以做到的,1月4日 14:14
4589648166528763,4589648166528763,6207242852,4589637110859320,不愿意罢辽//@梁钰stacey:看来从技术层面上来说，强奸犯出狱后戴电子脚铐并实时监控是可以做到的,1月4日 14:14
4589648128770766,4589648128770766,7311673605,4589637110859320,不知道为什么给环卫工人,1月4日 14:14
4589648016310577,4589648016310577,dengwo33sui,4589637110859320,//@梁钰stacey: 看来从技术层面上来说，强奸犯出狱后戴电子脚铐并实时监控是可以做到的,1月4日 14:13
4589647994291470,4589647994291470,5533755999,4589637110859320,强奸犯的脚铐什么时候落到实处//@梁钰stacey:看来从技术层面上来说，强奸犯出狱后戴电子脚铐并实时监控是可以做到的,1月4日 14:13
4589647885510400,4589647885510400,7388341885,4589637110859320,//@梁钰stacey:看来从技术层面上来说，强奸犯出狱后戴电子脚铐并实时监控是可以做到的,1月4日 14:13
4589647621269932,4589647621269932,2708162650,4589637110859320,//@梁钰stacey:看来从技术层面上来说，强奸犯出狱后戴电子脚铐并实时监控是可以做到的,1月4日 14:12
4589647600030298,4589647600030298,1827655351,4589637110859320,转发微博,1月4日 14:12
4589647541571497,4589647541571497,5459470322,4589637110859320,//@梁钰stacey:看来从技术层面上来说，强奸犯出狱后戴电子脚铐并实时监控是可以做到的,1月4日 14:11
4589647491501265,4589647491501265,yfn513,4589637110859320,//@梁钰stacey:看来从技术层面上来说，强奸犯出狱后戴电子脚铐并实时监控是可以做到的,1月4日 14:11
4589647490980861,4589647490980861,5329397729,4589637110859320,//@梁钰stacey:看来从技术层面上来说，强奸犯出狱后戴电子脚铐并实时监控是可以做到的,1月4日 14:11
4589647474721791,4589647474721791,5067413207,4589637110859320,怎么没用在正处呢//@梁钰stacey:看来从技术层面上来说，强奸犯出狱后戴电子脚铐并实时监控是可以做到的,1月4日 14:11
4589647236436372,4589647236436372,1931052273,4589637110859320,//@梁钰stacey:看来从技术层面上来说，强奸犯出狱后戴电子脚铐并实时监控是可以做到的,1月4日 14:10
4589647122925811,4589647122925811,2165409732,4589637110859320,结果用来压迫弱势群体//@梁钰stacey:看来从技术层面上来说，强奸犯出狱后戴电子脚铐并实时监控是可以做到的,1月4日 14:10
4589647084399199,4589647084399199,5248079011,4589637110859320,所以电子脚铐还不推广么//@梁钰stacey:看来从技术层面上来说，强奸犯出狱后戴电子脚铐并实时监控是可以做到的,1月4日 14:09
4589647042973751,4589647042973751,5233501111,4589637110859320,//@梁钰stacey:看来从技术层面上来说，强奸犯出狱后戴电子脚铐并实时监控是可以做到的,1月4日 14:09
4589646975599858,4589646975599858,7188926858,4589637110859320,转发微博,1月4日 14:09
4589646804425536,4589646804425536,5321370846,4589637110859320,//@梁钰stacey:看来从技术层面上来说，强奸犯出狱后戴电子脚铐并实时监控是可以做到的,1月4日 14:08
4589646610435032,4589646610435032,6636308337,4589637110859320,//@梁钰stacey:看来从技术层面上来说，强奸犯出狱后戴电子脚铐并实时监控是可以做到的,1月4日 14:08
4589646606502539,4589646606502539,6037739065,4589637110859320,转发微博,1月4日 14:08
4589646157974488,4589646157974488,supermx2,4589637110859320,//@梁钰stacey:看来从技术层面上来说，强奸犯出狱后戴电子脚铐并实时监控是可以做到的,1月4日 14:06
4589646119965081,4589646119965081,3017969955,4589637110859320,//@梁钰stacey:看来从技术层面上来说，强奸犯出狱后戴电子脚铐并实时监控是可以做到的,1月4日 14:06
4589646082741617,4589646082741617,6426656618,4589637110859320,//@梁钰stacey:看来从技术层面上来说，强奸犯出狱后戴电子脚铐并实时监控是可以做到的,1月4日 14:06
4589646044204406,4589646044204406,3596953054,4589637110859320,太迷惑了吧//@梁钰stacey:看来从技术层面上来说，强奸犯出狱后戴电子脚铐并实时监控是可以做到的,1月4日 14:05
4589645926763990,4589645926763990,6548170667,4589637110859320,//@梁钰stacey:看来从技术层面上来说，强奸犯出狱后戴电子脚铐并实时监控是可以做到的,1月4日 14:05
4589645889274808,4589645889274808,5043816767,4589637110859320,//@梁钰stacey:看来从技术层面上来说，强奸犯出狱后戴电子脚铐并实时监控是可以做到的,1月4日 14:05
4589645755321902,4589645755321902,5695775438,4589637110859320,//@梁钰stacey:看来从技术层面上来说，强奸犯出狱后戴电子脚铐并实时监控是可以做到的,1月4日 14:04
4589645628712432,4589645628712432,5635399239,4589637110859320,转发微博,1月4日 14:04
4589645612981432,4589645612981432,6625191314,4589637110859320,//@梁钰stacey:看来从技术层面上来说，强奸犯出狱后戴电子脚铐并实时监控是可以做到的,1月4日 14:04
4589645339825589,4589645339825589,2416779641,4589637110859320,//@梁钰stacey:看来从技术层面上来说，强奸犯出狱后戴电子脚铐并实时监控是可以做到的,1月4日 14:03
4589645172838711,4589645172838711,3826391599,4589637110859320,“没有选择的权利”//@梁钰stacey:看来从技术层面上来说，强奸犯出狱后戴电子脚铐并实时监控是可以做到的,1月4日 14:02
4589645147150306,4589645147150306,gengzi1013,4589637110859320,啥招都往底层劳动人民身上使//@梁钰stacey:看来从技术层面上来说，强奸犯出狱后戴电子脚铐并实时监控是可以做到的,1月4日 14:02
4589645038357781,4589645038357781,3942958623,4589637110859320,//@梁钰stacey:看来从技术层面上来说，强奸犯出狱后戴电子脚铐并实时监控是可以做到的,1月4日 14:01
4589645024989817,4589645024989817,2350992571,4589637110859320,//@梁钰stacey: 看来从技术层面上来说，强奸犯出狱后戴电子脚铐并实时监控是可以做到的,1月4日 14:01
4589644953426077,4589644953426077,roland0519,4589637110859320,//@梁钰stacey:看来从技术层面上来说，强奸犯出狱后戴电子脚铐并实时监控是可以做到的,1月4日 14:01
4589644916199639,4589644916199639,5137235060,4589637110859320,恶臭//@梁钰stacey:看来从技术层面上来说，强奸犯出狱后戴电子脚铐并实时监控是可以做到的,1月4日 14:01
4589644824713956,4589644824713956,2166037420,4589637110859320,环卫工人休息一会儿都不被允许，但是强奸犯却无比自由，判刑也是毛毛雨。//@梁钰stacey:看来从技术层面上来说，强奸犯出狱后戴电子脚铐并实时监控是可以做到的,1月4日 14:01
4589644711463262,4589644711463262,vknight,4589637110859320,希望贯彻执行//@梁钰stacey: 看来从技术层面上来说，强奸犯出狱后戴电子脚铐并实时监控是可以做到的,1月4日 14:00
4589644697837270,4589644697837270,7425629186,4589637110859320,...//@梁钰stacey: 看来从技术层面上来说，强奸犯出狱后戴电子脚铐并实时监控是可以做到的,1月4日 14:00
4589644689966548,4589644689966548,1893152644,4589637110859320,就离谱//@梁钰stacey:看来从技术层面上来说，强奸犯出狱后戴电子脚铐并实时监控是可以做到的,1月4日 14:00
4589644680794683,4589644680794683,6049875340,4589637110859320,//@梁钰stacey:看来从技术层面上来说，强奸犯出狱后戴电子脚铐并实时监控是可以做到的,1月4日 14:00
4589644660349983,4589644660349983,6549258570,4589637110859320,//@梁钰stacey:看来从技术层面上来说，强奸犯出狱后戴电子脚铐并实时监控是可以做到的,1月4日 14:00
4589644253761315,4589644253761315,5948815225,4589637110859320,//@梁钰stacey:看来从技术层面上来说，强奸犯出狱后戴电子脚铐并实时监控是可以做到的,1月4日 13:58
4589644202905399,4589644202905399,5912015605,4589637110859320,//@梁钰stacey:看来从技术层面上来说，强奸犯出狱后戴电子脚铐并实时监控是可以做到的,1月4日 13:58
4589643964094934,4589643964094934,6501862305,4589637110859320,//@梁钰stacey:看来从技术层面上来说，强奸犯出狱后戴电子脚铐并实时监控是可以做到的,1月4日 13:57
4589643893578142,4589643893578142,6066343989,4589637110859320,……妈的，气死//@梁钰stacey:看来从技术层面上来说，强奸犯出狱后戴电子脚铐并实时监控是可以做到的,1月4日 13:57
4589643880203486,4589643880203486,1579213874,4589637110859320,不是不行，只是不给//@梁钰stacey: 看来从技术层面上来说，强奸犯出狱后戴电子脚铐并实时监控是可以做到的,1月4日 13:57
4589643796581695,4589643796581695,3782185212,4589637110859320,该戴的不戴//@梁钰stacey:看来从技术层面上来说，强奸犯出狱后戴电子脚铐并实时监控是可以做到的,1月4日 13:56
4589643771155093,4589643771155093,6256367930,4589637110859320,//@梁钰stacey:看来从技术层面上来说，强奸犯出狱后戴电子脚铐并实时监控是可以做到的,1月4日 13:56
4589643754116652,4589643754116652,2393449384,4589637110859320,//@梁钰stacey: 看来从技术层面上来说，强奸犯出狱后戴电子脚铐并实时监控是可以做到的,1月4日 13:56
4589643725804387,4589643725804387,3164320377,4589637110859320,//@梁钰stacey:看来从技术层面上来说，强奸犯出狱后戴电子脚铐并实时监控是可以做到的,1月4日 13:56
4589643699854821,4589643699854821,7390471629,4589637110859320,呵呵//@梁钰stacey:看来从技术层面上来说，强奸犯出狱后戴电子脚铐并实时监控是可以做到的,1月4日 13:56
4589643603380552,4589643603380552,7376127529,4589637110859320,//@梁钰stacey:看来从技术层面上来说，强奸犯出狱后戴电子脚铐并实时监控是可以做到的,1月4日 13:56
4589643495119444,4589643495119444,5974843573,4589637110859320,//@梁钰stacey:看来从技术层面上来说，强奸犯出狱后戴电子脚铐并实时监控是可以做到的,1月4日 13:55
4589643473093757,4589643473093757,3605651740,4589637110859320,//@梁钰stacey:看来从技术层面上来说，强奸犯出狱后戴电子脚铐并实时监控是可以做到的,1月4日 13:55
4589643448192779,4589643448192779,milky13,4589637110859320,//@梁钰stacey:看来从技术层面上来说，强奸犯出狱后戴电子脚铐并实时监控是可以做到的,1月4日 13:55
4589643401534311,4589643401534311,kunalbee,4589637110859320,//@梁钰stacey: 看来从技术层面上来说，强奸犯出狱后戴电子脚铐并实时监控是可以做到的,1月4日 13:55
4589643343335681,4589643343335681,5949795949,4589637110859320,//@梁钰stacey:看来从技术层面上来说，强奸犯出狱后戴电子脚铐并实时监控是可以做到的,1月4日 13:55
4589643310566794,4589643310566794,2948941675,4589637110859320,//@梁钰stacey:看来从技术层面上来说，强奸犯出狱后戴电子脚铐并实时监控是可以做到的,1月4日 13:54
4589643171370857,4589643171370857,6509128394,4589637110859320,快给强奸犯安排上//@梁钰stacey:看来从技术层面上来说，强奸犯出狱后戴电子脚铐并实时监控是可以做到的,1月4日 13:54
4589643154855159,4589643154855159,5326988553,4589637110859320,qjf也能有,1月4日 13:54
4589643138078408,4589643138078408,6311194323,4589637110859320,//@梁钰stacey:看来从技术层面上来说，强奸犯出狱后戴电子脚铐并实时监控是可以做到的,1月4日 13:54
4589643105044837,4589643105044837,sskko,4589637110859320,要死了居然用在这种地方！//@梁钰stacey: 看来从技术层面上来说，强奸犯出狱后戴电子脚铐并实时监控是可以做到的,1月4日 13:54
4589643075160888,4589643075160888,2630150661,4589637110859320,支持//@梁钰stacey:看来从技术层面上来说，强奸犯出狱后戴电子脚铐并实时监控是可以做到的,1月4日 13:54
4589643062315177,4589643062315177,6983261468,4589637110859320,我记得之前看到新闻，一个学校给学生带上头环来检测学生的精神集中程度。//@梁钰stacey:看来从技术层面上来说，强奸犯出狱后戴电子脚铐并实时监控是可以做到的,1月4日 13:53
4589642931775367,4589642931775367,3234660692,4589637110859320,//@梁钰stacey:看来从技术层面上来说，强奸犯出狱后戴电子脚铐并实时监控是可以做到的,1月4日 13:53
4589642870162751,4589642870162751,1023467062,4589637110859320,//@梁钰stacey:看来从技术层面上来说，强奸犯出狱后戴电子脚铐并实时监控是可以做到的,1月4日 13:53
4589642803054007,4589642803054007,kaguyahime,4589637110859320,//@梁钰stacey:看来从技术层面上来说，强奸犯出狱后戴电子脚铐并实时监控是可以做到的,1月4日 13:52
4589642706059841,4589642706059841,6573731762,4589637110859320,//@梁钰stacey:看来从技术层面上来说，强奸犯出狱后戴电子脚铐并实时监控是可以做到的,1月4日 13:52
4589642614309141,4589642614309141,7295852362,4589637110859320,//@梁钰stacey:看来从技术层面上来说，强奸犯出狱后戴电子脚铐并实时监控是可以做到的,1月4日 13:52
4589642529637524,4589642529637524,3685807237,4589637110859320,确实 呵呵//@梁钰stacey:看来从技术层面上来说，强奸犯出狱后戴电子脚铐并实时监控是可以做到的,1月4日 13:51
4589642484287873,4589642484287873,5632400117,4589637110859320,//@梁钰stacey:看来从技术层面上来说，强奸犯出狱后戴电子脚铐并实时监控是可以做到的,1月4日 13:51
4589642429499706,4589642429499706,7383226043,4589637110859320,//@梁钰stacey:看来从技术层面上来说，强奸犯出狱后戴电子脚铐并实时监控是可以做到的,1月4日 13:51
4589642182300573,4589642182300573,5782770082,4589637110859320,//@梁钰stacey:看来从技术层面上来说，强奸犯出狱后戴电子脚铐并实时监控是可以做到的,1月4日 13:50
4589642160276188,4589642160276188,3167879280,4589637110859320,//@梁钰stacey:看来从技术层面上来说，强奸犯出狱后戴电子脚铐并实时监控是可以做到的,1月4日 13:50
4589642134851282,4589642134851282,5850512627,4589637110859320,给那个强奸幼女的畜牲带啊//@梁钰stacey:看来从技术层面上来说，强奸犯出狱后戴电子脚铐并实时监控是可以做到的,1月4日 13:50
4589642092910943,4589642092910943,1269949730,4589637110859320,监控强奸犯做不到，就逮着劳动人民欺负//@梁钰stacey:看来从技术层面上来说，强奸犯出狱后戴电子脚铐并实时监控是可以做到的,1月4日 13:50
4589642072195995,4589642072195995,1719661692,4589637110859320,//@梁钰stacey:看来从技术层面上来说，强奸犯出狱后戴电子脚铐并实时监控是可以做到的,1月4日 13:50
4589641984115794,4589641984115794,5179479144,4589637110859320,//@梁钰stacey:看来从技术层面上来说，强奸犯出狱后戴电子脚铐并实时监控是可以做到的,1月4日 13:49
4589641899970500,4589641899970500,5679979995,4589637110859320,//@梁钰stacey:看来从技术层面上来说，强奸犯出狱后戴电子脚铐并实时监控是可以做到的,1月4日 13:49
4589641829717984,4589641829717984,5059011112,4589637110859320,#迷惑行为大赏//@梁钰stacey:看来从技术层面上来说，强奸犯出狱后戴电子脚铐并实时监控是可以做到的,1月4日 13:49
4589641753167425,4589641753167425,1586710972,4589637110859320,犯人都没有的待遇 用在工人身上了//@梁钰stacey:看来从技术层面上来说，强奸犯出狱后戴电子脚铐并实时监控是可以做到的,1月4日 13:48
4589641715690451,4589641715690451,5015580719,4589637110859320,再次证明不是技术原因做不到电子手环/脚环//@梁钰stacey:看来从技术层面上来说，强奸犯出狱后戴电子脚铐并实时监控是可以做到的,1月4日 13:48
4589641703098787,4589641703098787,2182230964,4589637110859320,转发微博,1月4日 13:48
4589641602173877,4589641602173877,7002906666,4589637110859320,//@梁钰stacey:看来从技术层面上来说，强奸犯出狱后戴电子脚铐并实时监控是可以做到的,1月4日 13:48
4589641523530197,4589641523530197,1730948285,4589637110859320,//@梁钰stacey:看来从技术层面上来说，强奸犯出狱后戴电子脚铐并实时监控是可以做到的,1月4日 13:47
4589641452490683,4589641452490683,2685254705,4589637110859320,//@梁钰stacey:看来从技术层面上来说，强奸犯出狱后戴电子脚铐并实时监控是可以做到的,1月4日 13:47
4589641372537236,4589641372537236,lovingroger4ever,4589637110859320,强奸犯不管就来剥削底层劳动人民呵呵//@梁钰stacey:看来从技术层面上来说，强奸犯出狱后戴电子脚铐并实时监控是可以做到的,1月4日 13:47
4589641338454888,4589641338454888,7335325944,4589637110859320,//@梁钰stacey:看来从技术层面上来说，强奸犯出狱后戴电子脚铐并实时监控是可以做到的,1月4日 13:47
4589641229670966,4589641229670966,2506910550,4589637110859320,//@梁钰stacey:看来从技术层面上来说，强奸犯出狱后戴电子脚铐并实时监控是可以做到的,1月4日 13:46
4589641167280759,4589641167280759,7493880408,4589637110859320,//@梁钰stacey:看来从技术层面上来说，强奸犯出狱后戴电子脚铐并实时监控是可以做到的,1月4日 13:46
4589641150500936,4589641150500936,hersheylovestoma,4589637110859320,//@梁钰stacey:看来从技术层面上来说，强奸犯出狱后戴电子脚铐并实时监控是可以做到的,1月4日 13:46
4589641125073510,4589641125073510,1896004797,4589637110859320,//@梁钰stacey:看来从技术层面上来说，强奸犯出狱后戴电子脚铐并实时监控是可以做到的,1月4日 13:46
4589641058227794,4589641058227794,2469673183,4589637110859320,//@梁钰stacey:看来从技术层面上来说，强奸犯出狱后戴电子脚铐并实时监控是可以做到的,1月4日 13:46
4589640965951249,4589640965951249,2128657287,4589637110859320,//@梁钰stacey:看来从技术层面上来说，强奸犯出狱后戴电子脚铐并实时监控是可以做到的,1月4日 13:45
4589640952326708,4589640952326708,mysngzs,4589637110859320,//@梁钰stacey: 看来从技术层面上来说，强奸犯出狱后戴电子脚铐并实时监控是可以做到的,1月4日 13:45
4589640949171198,4589640949171198,2614264037,4589637110859320,对待犯人一样对待普通劳动人民//@梁钰stacey:看来从技术层面上来说，强奸犯出狱后戴电子脚铐并实时监控是可以做到的,1月4日 13:45
4589640901728867,4589640901728867,6246533400,4589637110859320,//@梁钰stacey:看来从技术层面上来说，强奸犯出狱后戴电子脚铐并实时监控是可以做到的,1月4日 13:45
4589640676542760,4589640676542760,6019609109,4589637110859320,转发微博,1月4日 13:44
4589640575878760,4589640575878760,1548847573,4589637110859320,//@梁钰stacey:看来从技术层面上来说，强奸犯出狱后戴电子脚铐并实时监控是可以做到的,1月4日 13:44
4589640445598903,4589640445598903,1672450274,4589637110859320,//@梁钰stacey:看来从技术层面上来说，强奸犯出狱后戴电子脚铐并实时监控是可以做到的,1月4日 13:43
4589640424886192,4589640424886192,2098360785,4589637110859320,//@梁钰stacey:看来从技术层面上来说，强奸犯出狱后戴电子脚铐并实时监控是可以做到的,1月4日 13:43
4589640415974274,4589640415974274,6332526814,4589637110859320,。。。//@梁钰stacey:看来从技术层面上来说，强奸犯出狱后戴电子脚铐并实时监控是可以做到的,1月4日 13:43
4589640390032696,4589640390032696,5702546263,4589637110859320,//@梁钰stacey:看来从技术层面上来说，强奸犯出狱后戴电子脚铐并实时监控是可以做到的,1月4日 13:43
4589640339697478,4589640339697478,3832126581,4589637110859320,//@梁钰stacey:看来从技术层面上来说，强奸犯出狱后戴电子脚铐并实时监控是可以做到的,1月4日 13:43
4589640181353011,4589640181353011,2166362951,4589637110859320,//@梁钰stacey:看来从技术层面上来说，强奸犯出狱后戴电子脚铐并实时监控是可以做到的,1月4日 13:42
4589640180574727,4589640180574727,1824790023,4589637110859320,//@梁钰stacey:看来从技术层面上来说，强奸犯出狱后戴电子脚铐并实时监控是可以做到的,1月4日 13:42
4589640122899727,4589640122899727,5821644573,4589637110859320,就是不做人事//@梁钰stacey:看来从技术层面上来说，强奸犯出狱后戴电子脚铐并实时监控是可以做到的,1月4日 13:42
4589640096941224,4589640096941224,2034765275,4589637110859320,真是设备用错了地方//@梁钰stacey:看来从技术层面上来说，强奸犯出狱后戴电子脚铐并实时监控是可以做到的,1月4日 13:42
4589639992610024,4589639992610024,gigisays,4589637110859320,//@梁钰stacey:看来从技术层面上来说，强奸犯出狱后戴电子脚铐并实时监控是可以做到的,1月4日 13:41
4589639991565055,4589639991565055,5307033826,4589637110859320,//@梁钰stacey:看来从技术层面上来说，强奸犯出狱后戴电子脚铐并实时监控是可以做到的,1月4日 13:41
4589639883822782,4589639883822782,2168508410,4589637110859320,从财务的角度来说，建议加大对当地环卫部门的审计力度，不出问题就是见鬼了//@梁钰stacey:看来从技术层面上来说，强奸犯出狱后戴电子脚铐并实时监控是可以做到的,1月4日 13:41
4589639756689082,4589639756689082,6119723931,4589637110859320,//@梁钰stacey:看来从技术层面上来说，强奸犯出狱后戴电子脚铐并实时监控是可以做到的,1月4日 13:40
4589639631112961,4589639631112961,7463386837,4589637110859320,绝了//@梁钰stacey:看来从技术层面上来说，强奸犯出狱后戴电子脚铐并实时监控是可以做到的,1月4日 13:40
4589639602544311,4589639602544311,kashikomu,4589637110859320,//@梁钰stacey:看来从技术层面上来说，强奸犯出狱后戴电子脚铐并实时监控是可以做到的,1月4日 13:40
4589639598605906,4589639598605906,5139039521,4589637110859320,//@梁钰stacey:看来从技术层面上来说，强奸犯出狱后戴电子脚铐并实时监控是可以做到的,1月4日 13:40
4589639593099735,4589639593099735,3481205143,4589637110859320,等国真的……💩💩💩//@梁钰stacey:看来从技术层面上来说，强奸犯出狱后戴电子脚铐并实时监控是可以做到的,1月4日 13:40
4589639572653678,4589639572653678,6530489891,4589637110859320,当时就是有监控孩子啊，这种操作在然后有的人就说可以发展，就是对罪犯的这种监控，然后也有人说这种东西弄出来会用到不应该用的，很夸张的地方，看来果然是被说中了//@梁钰stacey:看来从技术层面上来说，强奸犯出狱后戴电子脚铐并实时监控是可以做到的,1月4日 13:40
4589639505284582,4589639505284582,5638887762,4589637110859320,安装监控强奸犯的电子脚铐指日可待！//@梁钰stacey:看来从技术层面上来说，强奸犯出狱后戴电子脚铐并实时监控是可以做到的,1月4日 13:39
4589639425599231,4589639425599231,3221817097,4589637110859320,//@梁钰stacey:看来从技术层面上来说，强奸犯出狱后戴电子脚铐并实时监控是可以做到的,1月4日 13:39
4589639404880038,4589639404880038,5668200748,4589637110859320,看来只是不想管强奸犯而已//@梁钰stacey:看来从技术层面上来说，强奸犯出狱后戴电子脚铐并实时监控是可以做到的,1月4日 13:39
4589639392040149,4589639392040149,6598694353,4589637110859320,让我想起了监控学生上课不走神的机器，都是同样的奴隶思维//@梁钰stacey:看来从技术层面上来说，强奸犯出狱后戴电子脚铐并实时监控是可以做到的,1月4日 13:39
4589639379716011,4589639379716011,7468498142,4589637110859320,//@梁钰stacey:看来从技术层面上来说，强奸犯出狱后戴电子脚铐并实时监控是可以做到的,1月4日 13:39
4589639282988128,4589639282988128,igarfield,4589637110859320,不给qjf用给工人用//@梁钰stacey:看来从技术层面上来说，强奸犯出狱后戴电子脚铐并实时监控是可以做到的,1月4日 13:38
4589639237109460,4589639237109460,7332846497,4589637110859320,哦吼//@梁钰stacey:看来从技术层面上来说，强奸犯出狱后戴电子脚铐并实时监控是可以做到的,1月4日 13:38
4589639186520539,4589639186520539,5880133977,4589637110859320,//@梁钰stacey:看来从技术层面上来说，强奸犯出狱后戴电子脚铐并实时监控是可以做到的,1月4日 13:38
4589639149029345,4589639149029345,theskyiscrying,4589637110859320,这用错对象了吧//@梁钰stacey:看来从技术层面上来说，强奸犯出狱后戴电子脚铐并实时监控是可以做到的,1月4日 13:38
4589639148772829,4589639148772829,5678035058,4589637110859320,？？？现在还是奴隶社会吗？//@梁钰stacey:看来从技术层面上来说，强奸犯出狱后戴电子脚铐并实时监控是可以做到的,1月4日 13:38
4589639123339200,4589639123339200,jiangzhujianai,4589637110859320,不监控强奸幼女的反人类罪犯，却去监控清洁工。价值倾向在哪体现的淋漓尽致。//@梁钰stacey:看来从技术层面上来说，强奸犯出狱后戴电子脚铐并实时监控是可以做到的,1月4日 13:38
4589639014558575,4589639014558575,6676573930,4589637110859320,//@梁钰stacey:看来从技术层面上来说，强奸犯出狱后戴电子脚铐并实时监控是可以做到的,1月4日 13:37
4589638952426206,4589638952426206,2419682363,4589637110859320,//@梁钰stacey:看来从技术层面上来说，强奸犯出狱后戴电子脚铐并实时监控是可以做到的,1月4日 13:37
4589638926736214,4589638926736214,7388018200,4589637110859320,//@梁钰stacey: 看来从技术层面上来说，强奸犯出狱后戴电子脚铐并实时监控是可以做到的,1月4日 13:37
4589638867498014,4589638867498014,5317764830,4589637110859320,//@梁钰stacey:看来从技术层面上来说，强奸犯出狱后戴电子脚铐并实时监控是可以做到的,1月4日 13:37
4589638852019515,4589638852019515,1639405651,4589637110859320,//@梁钰stacey:看来从技术层面上来说，强奸犯出狱后戴电子脚铐并实时监控是可以做到的,1月4日 13:37
4589638788057127,4589638788057127,yewday,4589637110859320,//@梁钰stacey:看来从技术层面上来说，强奸犯出狱后戴电子脚铐并实时监控是可以做到的,1月4日 13:37
4589638772066751,4589638772066751,5578827247,4589637110859320,无语//@梁钰stacey:看来从技术层面上来说，强奸犯出狱后戴电子脚铐并实时监控是可以做到的,1月4日 13:36
4589638742705774,4589638742705774,2471579203,4589637110859320,这么先进怎么不监控一下出狱罪犯？//@梁钰stacey:看来从技术层面上来说，强奸犯出狱后戴电子脚铐并实时监控是可以做到的,1月4日 13:36
4589638733534867,4589638733534867,7436031280,4589637110859320,点解天天都是阴间新闻//@梁钰stacey:看来从技术层面上来说，强奸犯出狱后戴电子脚铐并实时监控是可以做到的,1月4日 13:36
4589638666687587,4589638666687587,suqianqi1990,4589637110859320,很多不是技术做不到，而是……//@梁钰stacey: 看来从技术层面上来说，强奸犯出狱后戴电子脚铐并实时监控是可以做到的,1月4日 13:36
4589638650167506,4589638650167506,1774227883,4589637110859320,//@梁钰stacey:看来从技术层面上来说，强奸犯出狱后戴电子脚铐并实时监控是可以做到的,1月4日 13:36
4589638591451748,4589638591451748,6482389956,4589637110859320,咋不给犯罪分子//@梁钰stacey:看来从技术层面上来说，强奸犯出狱后戴电子脚铐并实时监控是可以做到的,1月4日 13:36
4589638587779313,4589638587779313,7005229752,4589637110859320,//@梁钰stacey:看来从技术层面上来说，强奸犯出狱后戴电子脚铐并实时监控是可以做到的,1月4日 13:36
4589638428397527,4589638428397527,6323584120,4589637110859320,对人民不断的压迫再压迫，对罪犯不断的“宽容”再“宽容”，这就是等国//@梁钰stacey:看来从技术层面上来说，强奸犯出狱后戴电子脚铐并实时监控是可以做到的,1月4日 13:35
4589638406382824,4589638406382824,2956454193,4589637110859320,//@梁钰stacey:看来从技术层面上来说，强奸犯出狱后戴电子脚铐并实时监控是可以做到的,1月4日 13:35
4589638389606175,4589638389606175,5523515608,4589637110859320,//@梁钰stacey:看来从技术层面上来说，强奸犯出狱后戴电子脚铐并实时监控是可以做到的,1月4日 13:35
4589638385145734,4589638385145734,ybingq,4589637110859320,//@梁钰stacey:看来从技术层面上来说，强奸犯出狱后戴电子脚铐并实时监控是可以做到的,1月4日 13:35
4589638305972972,4589638305972972,3644263922,4589637110859320,……//@梁钰stacey:看来从技术层面上来说，强奸犯出狱后戴电子脚铐并实时监控是可以做到的,1月4日 13:35
4589638272685496,4589638272685496,7134426979,4589637110859320,//@梁钰stacey:看来从技术层面上来说，强奸犯出狱后戴电子脚铐并实时监控是可以做到的,1月4日 13:34
4589638213965525,4589638213965525,7317599936,4589637110859320,//@梁钰stacey:看来从技术层面上来说，强奸犯出狱后戴电子脚铐并实时监控是可以做到的,1月4日 13:34
4589638210296812,4589638210296812,2190359223,4589637110859320,//@梁钰stacey:看来从技术层面上来说，强奸犯出狱后戴电子脚铐并实时监控是可以做到的,1月4日 13:34
4589638205575326,4589638205575326,5141145974,4589637110859320,//@梁钰stacey:看来从技术层面上来说，强奸犯出狱后戴电子脚铐并实时监控是可以做到的,1月4日 13:34
4589638175688938,4589638175688938,5975511943,4589637110859320,罪犯有人权，工人没有//@梁钰stacey:看来从技术层面上来说，强奸犯出狱后戴电子脚铐并实时监控是可以做到的,1月4日 13:34
4589638050123837,4589638050123837,2803027534,4589637110859320,呵呵，“严加看管普通人”，//@梁钰stacey:看来从技术层面上来说，强奸犯出狱后戴电子脚铐并实时监控是可以做到的,1月4日 13:34
4589638049613123,4589638049613123,1876175557,4589637110859320,//@梁钰stacey:看来从技术层面上来说，强奸犯出狱后戴电子脚铐并实时监控是可以做到的,1月4日 13:34
4589638029411388,4589638029411388,3306285485,4589637110859320,//@梁钰stacey:看来从技术层面上来说，强奸犯出狱后戴电子脚铐并实时监控是可以做到的,1月4日 13:33
4589638020242223,4589638020242223,5508159967,4589637110859320,呵呵😒 本该用的人却不用，比如强奸犯恋童癖//@梁钰stacey:看来从技术层面上来说，强奸犯出狱后戴电子脚铐并实时监控是可以做到的,1月4日 13:33
4589637991137685,4589637991137685,6242175249,4589637110859320,//@梁钰stacey:看来从技术层面上来说，强奸犯出狱后戴电子脚铐并实时监控是可以做到的,1月4日 13:33
4589637987999380,4589637987999380,3995667206,4589637110859320,//@梁钰stacey:看来从技术层面上来说，强奸犯出狱后戴电子脚铐并实时监控是可以做到的,1月4日 13:33
4589637975153078,4589637975153078,1585634737,4589637110859320,该用的地方不用//@梁钰stacey:看来从技术层面上来说，强奸犯出狱后戴电子脚铐并实时监控是可以做到的,1月4日 13:33
4589637974625342,4589637974625342,6414070503,4589637110859320,//@梁钰stacey:看来从技术层面上来说，强奸犯出狱后戴电子脚铐并实时监控是可以做到的,1月4日 13:33
4589637970696959,4589637970696959,5897753428,4589637110859320,//@梁钰stacey:看来从技术层面上来说，强奸犯出狱后戴电子脚铐并实时监控是可以做到的,1月4日 13:33
4589637912237305,4589637912237305,7044692153,4589637110859320,//@梁钰stacey:看来从技术层面上来说，强奸犯出狱后戴电子脚铐并实时监控是可以做到的,1月4日 13:33
4589637857183064,4589637857183064,7070939557,4589637110859320,有时候吧 他们对自己人真够狠的 这不该给强奸犯整个十个八个//@梁钰stacey:看来从技术层面上来说，强奸犯出狱后戴电子脚铐并实时监控是可以做到的,1月4日 13:33
4589637840935239,4589637840935239,6567740386,4589637110859320,//@梁钰stacey:看来从技术层面上来说，强奸犯出狱后戴电子脚铐并实时监控是可以做到的,1月4日 13:33
4589637757042722,4589637757042722,7340099237,4589637110859320,//@梁钰stacey:看来从技术层面上来说，强奸犯出狱后戴电子脚铐并实时监控是可以做到的,1月4日 13:32
4589637701735087,4589637701735087,3228309923,4589637110859320,//@梁钰stacey:看来从技术层面上来说，强奸犯出狱后戴电子脚铐并实时监控是可以做到的,1月4日 13:32
4589637693605328,4589637693605328,6450969830,4589637110859320,嗯哼//@梁钰stacey:看来从技术层面上来说，强奸犯出狱后戴电子脚铐并实时监控是可以做到的,1月4日 13:32
4589637689410450,4589637689410450,6356145274,4589637110859320,//@梁钰stacey:看来从技术层面上来说，强奸犯出狱后戴电子脚铐并实时监控是可以做到的,1月4日 13:32
4589637526096817,4589637526096817,6633312533,4589637110859320,//@梁钰stacey:看来从技术层面上来说，强奸犯出狱后戴电子脚铐并实时监控是可以做到的,1月4日 13:32
4589637501196389,4589637501196389,1653575643,4589637110859320,➡️//@梁钰stacey:看来从技术层面上来说，强奸犯出狱后戴电子脚铐并实时监控是可以做到的,1月4日 13:31
4589637471051268,4589637471051268,2030877527,4589637110859320,//@梁钰stacey:看来从技术层面上来说，强奸犯出狱后戴电子脚铐并实时监控是可以做到的,1月4日 13:31
4589637420979249,4589637420979249,5461890302,4589637110859320,//@梁钰stacey:看来从技术层面上来说，强奸犯出狱后戴电子脚铐并实时监控是可以做到的,1月4日 13:31
4589637320315710,4589637320315710,5340818457,4589637110859320,//@梁钰stacey:看来从技术层面上来说，强奸犯出狱后戴电子脚铐并实时监控是可以做到的,1月4日 13:31
4589637319801557,4589637319801557,wuyedi,4589637110859320,//@梁钰stacey:看来从技术层面上来说，强奸犯出狱后戴电子脚铐并实时监控是可以做到的,1月4日 13:31
4589637283093699,4589637283093699,chillzzz,4589637110859320,欺负底层最上手//@梁钰stacey:看来从技术层面上来说，强奸犯出狱后戴电子脚铐并实时监控是可以做到的,1月4日 13:31
4589637253729890,4589637253729890,5607475419,4589637110859320,//@梁钰stacey:看来从技术层面上来说，强奸犯出狱后戴电子脚铐并实时监控是可以做到的,1月4日 13:30
4590629831312205,4590629831312205,6191729068,4589628965007414,//@陈折折:你有这功夫去管管恋童癖和强奸犯呢？？,1月7日 07:15
4590083842248872,4590083842248872,5243233247,4589628965007414,无语，还整不实新闻？当年我可也看过这条新闻的//@陈折折:你有这功夫去管管恋童癖和强奸犯呢？？,1月5日 19:05
4590080993792859,4590080993792859,5841706394,4589628965007414,//@陈折折:你有这功夫去管管恋童癖和强奸犯呢？？,1月5日 18:54
4589799895473653,4589799895473653,7003254334,4589628965007414,//@陈折折:你有这功夫去管管恋童癖和强奸犯呢？？,1月5日 00:17
4589749614150951,4589749614150951,5762711196,4589628965007414,恶心人//@陈折折:你有这功夫去管管恋童癖和强奸犯呢？？,1月4日 20:57
4589707156002982,4589707156002982,6324227758,4589628965007414,好一个不实消息//@陈折折:你有这功夫去管管恋童癖和强奸犯呢？？,1月4日 18:08
4589697562850475,4589697562850475,5055614876,4589628965007414,//@陈折折:你有这功夫去管管恋童癖和强奸犯呢？？,1月4日 17:30
4589695701091004,4589695701091004,5341995527,4589628965007414,//@陈折折:你有这功夫去管管恋童癖和强奸犯呢？？,1月4日 17:23
4589687689190913,4589687689190913,7360191399,4589628965007414,就怕管到最后，管到它们自己身上，所以才不推广，好给自己留后路//@陈折折:你有这功夫去管管恋童癖和强奸犯呢？？,1月4日 16:51
4589683385843690,4589683385843690,2986416227,4589628965007414,//@陈折折:你有这功夫去管管恋童癖和强奸犯呢？？,1月4日 16:34
4589668886648018,4589668886648018,5941980267,4589628965007414,//@陈折折:你有这功夫去管管恋童癖和强奸犯呢？？,1月4日 15:36
4589659797070264,4589659797070264,JackyChenlin,4589628965007414,//@陈折折:你有这功夫去管管恋童癖和强奸犯呢？？,1月4日 15:00
4589657856154273,4589657856154273,5818868195,4589628965007414,//@陈折折:你有这功夫去管管恋童癖和强奸犯呢？？,1月4日 14:52
4589654369894730,4589654369894730,xun200704,4589628965007414,//@陈折折:你有这功夫去管管恋童癖和强奸犯呢？？,1月4日 14:38
4589653887294295,4589653887294295,5988018327,4589628965007414,//@陈折折:你有这功夫去管管恋童癖和强奸犯呢？？,1月4日 14:37
4589652406710510,4589652406710510,5750964795,4589628965007414,可劲榨//@陈折折:你有这功夫去管管恋童癖和强奸犯呢？？,1月4日 14:31
4589652152161691,4589652152161691,5638597295,4589628965007414,我吐了//@陈折折:你有这功夫去管管恋童癖和强奸犯呢？？,1月4日 14:30
4589649500314144,4589649500314144,5683391374,4589628965007414,//@陈折折:你有这功夫去管管恋童癖和强奸犯呢？？,1月4日 14:19
4589647042454728,4589647042454728,5536556299,4589628965007414,//@陈折折:你有这功夫去管管恋童癖和强奸犯呢？？,1月4日 14:09
4589646539654190,4589646539654190,6006420553,4589628965007414,//@陈折折:你有这功夫去管管恋童癖和强奸犯呢？？,1月4日 14:07
4589645529093784,4589645529093784,1881660101,4589628965007414,//@陈折折:你有这功夫去管管恋童癖和强奸犯呢？？,1月4日 14:03
4589644114826855,4589644114826855,6126618705,4589628965007414,//@陈折折:你有这功夫去管管恋童癖和强奸犯呢？？,1月4日 13:58
4589643313971378,4589643313971378,2645298150,4589628965007414,//@陈折折:你有这功夫去管管恋童癖和强奸犯呢？？,1月4日 13:54
4589642454668053,4589642454668053,5124262460,4589628965007414,//@陈折折:你有这功夫去管管恋童癖和强奸犯呢？？,1月4日 13:51
4589642336962917,4589642336962917,5326893666,4589628965007414,他妈的//@陈折折:你有这功夫去管管恋童癖和强奸犯呢？？,1月4日 13:51
4589642022915581,4589642022915581,5129809531,4589628965007414,//@陈折折:你有这功夫去管管恋童癖和强奸犯呢？？,1月4日 13:49
4589641459566593,4589641459566593,6448673014,4589628965007414,//@陈折折:你有这功夫去管管恋童癖和强奸犯呢？？,1月4日 13:47
4589641146041495,4589641146041495,iamjanemoo,4589628965007414,//@陈折折:你有这功夫去管管恋童癖和强奸犯呢？？,1月4日 13:46
4589640793981584,4589640793981584,5671528443,4589628965007414,//@陈折折:你有这功夫去管管恋童癖和强奸犯呢？？,1月4日 13:44
4589640738156165,4589640738156165,3991646242,4589628965007414,//@陈折折:你有这功夫去管管恋童癖和强奸犯呢？？,1月4日 13:44
4589640303247600,4589640303247600,2689074431,4589628965007414,转发微博,1月4日 13:43
4589639589691813,4589639589691813,2571001475,4589628965007414,。//@陈折折:你有这功夫去管管恋童癖和强奸犯呢？？,1月4日 13:40
4589639282733918,4589639282733918,5701350178,4589628965007414,//@陈折折:你有这功夫去管管恋童癖和强奸犯呢？？,1月4日 13:38
4589639190717819,4589639190717819,6801764409,4589628965007414,//@陈折折:你有这功夫去管管恋童癖和强奸犯呢？？,1月4日 13:38
4589639019011811,4589639019011811,5974000825,4589628965007414,转发微博,1月4日 13:37
4589638688447331,4589638688447331,3866002956,4589628965007414,//@陈折折:你有这功夫去管管恋童癖和强奸犯呢？？,1月4日 13:36
4589638687130138,4589638687130138,7457262055,4589628965007414,//@陈折折:你有这功夫去管管恋童癖和强奸犯呢？？,1月4日 13:36
4589638532465621,4589638532465621,3103502163,4589628965007414,//@陈折折:你有这功夫去管管恋童癖和强奸犯呢？？,1月4日 13:35
4589638532208460,4589638532208460,6210107473,4589628965007414,了不起了不起//@陈折折:你有这功夫去管管恋童癖和强奸犯呢？？,1月4日 13:36
4589638491308381,4589638491308381,balestra,4589628965007414,//@陈折折:你有这功夫去管管恋童癖和强奸犯呢？？,1月4日 13:35
4589638360236087,4589638360236087,5084812614,4589628965007414,//@陈折折:你有这功夫去管管恋童癖和强奸犯呢？？,1月4日 13:35
4589638314369950,4589638314369950,1658912267,4589628965007414,//@陈折折:你有这功夫去管管恋童癖和强奸犯呢？？,1月4日 13:35
4589638264036568,4589638264036568,1956683767,4589628965007414,哪有人会自己给自己带电子镣铐的//@陈折折:你有这功夫去管管恋童癖和强奸犯呢？？,1月4日 13:34
4589638231267928,4589638231267928,6619959133,4589628965007414,转发微博,1月4日 13:34
4589638095997427,4589638095997427,6984678589,4589628965007414,天天歌颂环卫工人多辛苦，结果就这？能把人当个人吗？//@陈折折:你有这功夫去管管恋童癖和强奸犯呢？？,1月4日 13:34
4589638011847371,4589638011847371,5264368013,4589628965007414,//@陈折折:你有这功夫去管管恋童癖和强奸犯呢？？,1月4日 13:33
4589637987732242,4589637987732242,OMPT,4589628965007414,环卫工人比强奸犯还没人权哦//@陈折折:你有这功夫去管管恋童癖和强奸犯呢？？,1月4日 13:33
4589637840669836,4589637840669836,2279237214,4589628965007414,疯了//@陈折折:你有这功夫去管管恋童癖和强奸犯呢？？,1月4日 13:33
4589637748922721,4589637748922721,1887977822,4589628965007414,//@陈折折:你有这功夫去管管恋童癖和强奸犯呢？？,1月4日 13:32
4589637698324684,4589637698324684,5596451551,4589628965007414,是奴隶制社会吧？是吧？//@陈折折:你有这功夫去管管恋童癖和强奸犯呢？？,1月4日 13:32
4589637681286145,4589637681286145,3028603687,4589628965007414,转发微博,1月4日 13:32
4589637588489929,4589637588489929,6473152505,4589628965007414,中特//@陈折折:你有这功夫去管管恋童癖和强奸犯呢？？,1月4日 13:32
4589637579840241,4589637579840241,huilesanguan,4589628965007414,评论说是18年新闻，评论说家里有环卫工现在还有//@陈折折:你有这功夫去管管恋童癖和强奸犯呢？？,1月4日 13:32
4589637148347408,4589637148347408,6592290921,4589628965007414,转发微博,1月4日 13:30
4589636695108954,4589636695108954,2943093501,4589628965007414,//@陈折折:你有这功夫去管管恋童癖和强奸犯呢？？,1月4日 13:28
4589636657873535,4589636657873535,13sujulove,4589628965007414,//@陈折折:你有这功夫去管管恋童癖和强奸犯呢？？,1月4日 13:28
4589636439769961,4589636439769961,3756807800,4589628965007414,//@陈折折:你有这功夫去管管恋童癖和强奸犯呢？？,1月4日 13:27
4589636427191811,4589636427191811,6092739798,4589628965007414,//@陈折折:你有这功夫去管管恋童癖和强奸犯呢？？,1月4日 13:27
4589636367946577,4589636367946577,7266942213,4589628965007414,//@陈折折:你有这功夫去管管恋童癖和强奸犯呢？？,1月4日 13:27
4589636334650415,4589636334650415,5991193033,4589628965007414,//@陈折折:你有这功夫去管管恋童癖和强奸犯呢？？,1月4日 13:27
4589635986786304,4589635986786304,1688880710,4589628965007414,//@陈折折:你有这功夫去管管恋童癖和强奸犯呢？？,1月4日 13:25
4589635805645233,4589635805645233,2275233247,4589628965007414,？？？强奸犯不安上合理吗？//@陈折折:你有这功夫去管管恋童癖和强奸犯呢？？,1月4日 13:25
4589635633944926,4589635633944926,6252350029,4589628965007414,//@陈折折:你有这功夫去管管恋童癖和强奸犯呢？？,1月4日 13:24
4589635566836335,4589635566836335,mutousang,4589628965007414,//@陈折折:你有这功夫去管管恋童癖和强奸犯呢？？,1月4日 13:24
4589635491857517,4589635491857517,5785521920,4589628965007414,qnmd//@陈折折:你有这功夫去管管恋童癖和强奸犯呢？？,1月4日 13:23
4589635285553027,4589635285553027,5289067011,4589628965007414,//@陈折折:你有这功夫去管管恋童癖和强奸犯呢？？,1月4日 13:23
4589635244399324,4589635244399324,5558090106,4589628965007414,转发微博,1月4日 13:22
4589635201666764,4589635201666764,5204369580,4589628965007414,//@陈折折:你有这功夫去管管恋童癖和强奸犯呢？？,1月4日 13:22
4589635101529257,4589635101529257,5213941722,4589628965007414,有病呢//@陈折折:你有这功夫去管管恋童癖和强奸犯呢？？,1月4日 13:22
4589635026814695,4589635026814695,7032839469,4589628965007414,？莫名其妙//@陈折折:你有这功夫去管管恋童癖和强奸犯呢？？,1月4日 13:22
4589634984872654,4589634984872654,7393796148,4589628965007414,神经病吗//@陈折折:你有这功夫去管管恋童癖和强奸犯呢？？,1月4日 13:21
4589634887878756,4589634887878756,3914719503,4589628965007414,//@陈折折:你有这功夫去管管恋童癖和强奸犯呢？？,1月4日 13:21
4589634804518607,4589634804518607,6610380683,4589628965007414,//@陈折折:你有这功夫去管管恋童癖和强奸犯呢？？,1月4日 13:21
4589634388759192,4589634388759192,fengyuanqing,4589628965007414,//@陈折折:你有这功夫去管管恋童癖和强奸犯呢？？,1月4日 13:19
4589634266604924,4589634266604924,5114782601,4589628965007414,真服了//@陈折折:你有这功夫去管管恋童癖和强奸犯呢？？,1月4日 13:19
4589634116653414,4589634116653414,5786398469,4589628965007414,yue 記起來那個一平米含塵量了//@陈折折:你有这功夫去管管恋童癖和强奸犯呢？？,1月4日 13:18
4589633906151136,4589633906151136,7020933611,4589628965007414,//@陈折折:你有这功夫去管管恋童癖和强奸犯呢？？,1月4日 13:17
4589633717929489,4589633717929489,6362206781,4589628965007414,//@陈折折:你有这功夫去管管恋童癖和强奸犯呢？？,1月4日 13:16
4589633679917271,4589633679917271,7102166125,4589628965007414,有病吧//@陈折折:你有这功夫去管管恋童癖和强奸犯呢？？,1月4日 13:16
4589633570871415,4589633570871415,6538065553,4589628965007414,//@陈折折:你有这功夫去管管恋童癖和强奸犯呢？？,1月4日 13:16
4589633452903929,4589633452903929,5601759980,4589628965007414,//@陈折折:你有这功夫去管管恋童癖和强奸犯呢？？,1月4日 13:15
4589633374258965,4589633374258965,5428610857,4589628965007414,牛逼呀//@陈折折:你有这功夫去管管恋童癖和强奸犯呢？？,1月4日 13:15
4589633096915028,4589633096915028,5942008685,4589628965007414,//@陈折折:你有这功夫去管管恋童癖和强奸犯呢？？,1月4日 13:14
4589633071221595,4589633071221595,6143554341,4589628965007414,//@陈折折:你有这功夫去管管恋童癖和强奸犯呢？？,1月4日 13:14
4589632966627635,4589632966627635,3889478073,4589628965007414,//@陈折折:你有这功夫去管管恋童癖和强奸犯呢？？,1月4日 13:13
4589632903714998,4589632903714998,2145473231,4589628965007414,转发微博,1月4日 13:13
4589632866746767,4589632866746767,5863051177,4589628965007414,//@陈折折:你有这功夫去管管恋童癖和强奸犯呢？？,1月4日 13:13
4589632803834129,4589632803834129,1758990134,4589628965007414,//@陈折折:你有这功夫去管管恋童癖和强奸犯呢？？,1月4日 13:13
4589632484543059,4589632484543059,6173045354,4589628965007414,//@陈折折:你有这功夫去管管恋童癖和强奸犯呢？？,1月4日 13:11
4589632350852868,4589632350852868,5842175115,4589628965007414,//@陈折折:你有这功夫去管管恋童癖和强奸犯呢？？,1月4日 13:11
4589632262505757,4589632262505757,7339635029,4589628965007414,//@陈折折:你有这功夫去管管恋童癖和强奸犯呢？？,1月4日 13:11
4589632194358983,4589632194358983,5355200226,4589628965007414,//@陈折折:你有这功夫去管管恋童癖和强奸犯呢？？,1月4日 13:10
4589632140609384,4589632140609384,2488095795,4589628965007414,//@陈折折:你有这功夫去管管恋童癖和强奸犯呢？？,1月4日 13:10
4589632056459726,4589632056459726,6607901264,4589628965007414,好无语//@陈折折:你有这功夫去管管恋童癖和强奸犯呢？？,1月4日 13:10
4589631821841660,4589631821841660,2032372153,4589628965007414,？？//@陈折折:你有这功夫去管管恋童癖和强奸犯呢？？,1月4日 13:09
4589631633102696,4589631633102696,1758061485,4589628965007414,？？？//@陈折折:你有这功夫去管管恋童癖和强奸犯呢？？,1月4日 13:08
4589631595091748,4589631595091748,6418247020,4589628965007414,//@陈折折:你有这功夫去管管恋童癖和强奸犯呢？？,1月4日 13:08
4589631230189279,4589631230189279,3783362307,4589628965007414,//@陈折折:你有这功夫去管管恋童癖和强奸犯呢？？,1月4日 13:06
4589630936066142,4589630936066142,6309895206,4589628965007414,无语子//@陈折折:你有这功夫去管管恋童癖和强奸犯呢？？,1月4日 13:05
4589630912205988,4589630912205988,5593609665,4589628965007414,绝了，这种东西不应该用在强奸犯身上吗//@陈折折:你有这功夫去管管恋童癖和强奸犯呢？？,1月4日 13:05
4589630668409759,4589630668409759,7229051325,4589628965007414,别觉得跟自己没关系，下一个轮到谁还不好说呢//@陈折折:你有这功夫去管管恋童癖和强奸犯呢？？,1月4日 13:04
4589630307436016,4589630307436016,7004850229,4589628965007414,？？？//@陈折折:你有这功夫去管管恋童癖和强奸犯呢？？,1月4日 13:03
4589630081729785,4589630081729785,3087195522,4589628965007414,//@陈折折: 你有这功夫去管管恋童癖和强奸犯呢？？,1月4日 13:02
4589630055779915,4589630055779915,6219302293,4589628965007414,//@陈折折:你有这功夫去管管恋童癖和强奸犯呢？？,1月4日 13:02
4589629724431502,4589629724431502,xingfu080419,4589628965007414,//@陈折折:你有这功夫去管管恋童癖和强奸犯呢？？,1月4日 13:01
4589629712111364,4589629712111364,5641303310,4589628965007414,罪犯都没戴上的电子手环，底层的清洁工先戴上了。//@陈折折:你有这功夫去管管恋童癖和强奸犯呢？？,1月4日 13:00
4589629569765139,4589629569765139,5976381459,4589628965007414,对待人民像对待罪大恶极的罪犯，对待真正的罪犯又像对待人民，秋风扫落叶和春风化雨搞反了//@陈折折:你有这功夫去管管恋童癖和强奸犯呢？？,1月4日 13:00
4589629255195390,4589629255195390,2594459474,4589628965007414,罪犯用不上检测手环倒是给工人用上了真几把恶心//@陈折折:你有这功夫去管管恋童癖和强奸犯呢？？,1月4日 12:59
4596594219420800,4596594219420800,5756965671,4596590457651693,处理你妈去吧//@suzumihasdeadw:……,1月23日 18:15
4596592155577302,4596592155577302,6476685779,4596590457651693,就是要让你gongren阶级只能被压榨无力反抗是吧//@suzumihasdeadw:……,1月23日 18:07
4590901944649589,4590901944649589,7350178612,4590848597823328,//@创造营2020-阿佳妮:冲特公，真有你们的,1月8日 01:16
4589674812938471,4589674812938471,3173898790,4589674439388878,我看见不实消息，还以为造谣呢，其实只是过期//@liltaox:“此内容为不实消息”，点开一看，一群人举报说是19年的新闻，那算你妈的不实消息啊？？19年干的事儿21年再说一下就是不实消息了？,1月4日 16:00
4590798697923277,4590798697923277,5533942184,4590796931601207,//@未央听浅歌://@梁钰stacey:看来从技术层面上来说，强奸犯出狱后戴电子脚铐并实时监控是可以做到的,1月7日 18:26
4590481387034297,4590481387034297,1799999223,4590468429529425,//@多多宅猫_u4g: 但是他们贴心的不做//@梁钰stacey:看来从技术层面上来说，强奸犯出狱后戴电子脚铐并实时监控是可以做到的,1月6日 21:25
4589680266320827,4589680266320827,baifeng,4589673554907174,//@六虐虐: //@梁钰stacey:看来从技术层面上来说，强奸犯出狱后戴电子脚铐并实时监控是可以做到的,1月4日 16:21
4589679179467275,4589679179467275,5772987377,4589665925212629,//@土凸_toushi://@梁钰stacey:看来从技术层面上来说，强奸犯出狱后戴电子脚铐并实时监控是可以做到的,1月4日 16:17
4589666638763057,4589666638763057,7437519046,4589658942740379,//@微风绿://@梁钰stacey:看来从技术层面上来说，强奸犯出狱后戴电子脚铐并实时监控是可以做到的,1月4日 15:27
4589721751657792,4589721751657792,xiaotenplx,4589655838953656,？？？看到说不实消息，我以为是假新闻，原来是发生时间不对，是“2020年”的新闻//@一颗特别中庸的萝卜头: ？？？？//@梁钰stacey:看来从技术层面上来说，强奸犯出狱后戴电子脚铐并实时监控是可以做到的,1月4日 19:06
4590153622621997,4590153622621997,5304599500,4589651505973310,//@谎言在上_:就特么离谱//@梁钰stacey:看来从技术层面上来说，强奸犯出狱后戴电子脚铐并实时监控是可以做到的,1月5日 23:42
4589780329830743,4589780329830743,suoshangyun,4589651505973310,//@谎言在上_:就特么离谱//@梁钰stacey:看来从技术层面上来说，强奸犯出狱后戴电子脚铐并实时监控是可以做到的,1月4日 22:59
4589724012381786,4589724012381786,2151251135,4589651505973310,//@谎言在上_:就特么离谱//@梁钰stacey:看来从技术层面上来说，强奸犯出狱后戴电子脚铐并实时监控是可以做到的,1月4日 19:15
4589707835476368,4589707835476368,6562863517,4589651505973310,我笑死，这是旧闻不是新闻所以这是不实信息，哈哈哈哈哈//@谎言在上_:就特么离谱//@梁钰stacey:看来从技术层面上来说，强奸犯出狱后戴电子脚铐并实时监控是可以做到的,1月4日 18:11
4589687023080656,4589687023080656,7360191399,4589651505973310,化学阉割也早就可以做到，而且那些罪犯是罪有应得，死活就是不推广，还不是为了给自己留后路。//@谎言在上_:就特么离谱//@梁钰stacey:看来从技术层面上来说，强奸犯出狱后戴电子脚铐并实时监控是可以做到的,1月4日 16:48
4589658807730698,4589658807730698,7365525455,4589651505973310,//@谎言在上_:就特么离谱//@梁钰stacey:看来从技术层面上来说，强奸犯出狱后戴电子脚铐并实时监控是可以做到的,1月4日 14:56
4589655830038571,4589655830038571,3284918907,4589651505973310,//@谎言在上_:就特么离谱//@梁钰stacey:看来从技术层面上来说，强奸犯出狱后戴电子脚铐并实时监控是可以做到的,1月4日 14:44
4589649261241827,4589649261241827,3174522250,4589648330359854,强奸犯没戴？杀人犯没戴？给基层劳动的清洁工？官家也是欺软怕硬吗？？？//@寄号信空缺:为什么，每次这种事都折腾清洁工？//@梁钰stacey:看来从技术层面上来说，强奸犯出狱后戴电子脚铐并实时监控是可以做到的,1月4日 14:18
4589667078640914,4589667078640914,connie14stony,4589646044204406,//@SLIEBSTT:太迷惑了吧//@梁钰stacey:看来从技术层面上来说，强奸犯出狱后戴电子脚铐并实时监控是可以做到的,1月4日 15:29
4589701945886780,4589701945886780,2859186920,4589643062315177,//@DoLoveGentileschi:我记得之前看到新闻，一个学校给学生带上头环来检测学生的精神集中程度。//@梁钰stacey:看来从技术层面上来说，强奸犯出狱后戴电子脚铐并实时监控是可以做到的,1月4日 17:47
4589686335733890,4589686335733890,1877812597,4589643062315177,//@DoLoveGentileschi:我记得之前看到新闻，一个学校给学生带上头环来检测学生的精神集中程度。//@梁钰stacey:看来从技术层面上来说，强奸犯出狱后戴电子脚铐并实时监控是可以做到的,1月4日 16:45
4589651115118090,4589651115118090,3887802323,4589643062315177,？？？？？？所以就是给好人用的呗。花这个钱布置这种东西的大小领导吃回扣了没啊？？？//@DoLoveGentileschi:我记得之前看到新闻，一个学校给学生带上头环来检测学生的精神集中程度。//@梁钰stacey:看来从技术层面上来说，强奸犯出狱后戴电子脚铐并实时监控是可以做到的,1月4日 14:26
4589644279454001,4589644279454001,5653296811,4589643062315177,//@DoLoveGentileschi:我记得之前看到新闻，一个学校给学生带上头环来检测学生的精神集中程度。//@梁钰stacey:看来从技术层面上来说，强奸犯出狱后戴电子脚铐并实时监控是可以做到的,1月4日 13:58
4589647554675271,4589647554675271,6502737236,4589641753167425,//@十三大饱:犯人都没有的待遇 用在工人身上了//@梁钰stacey:看来从技术层面上来说，强奸犯出狱后戴电子脚铐并实时监控是可以做到的,1月4日 14:11
4589641510165747,4589641510165747,THEevolmeh,4589641452490683,//@Bones的无针注射器_哲染://@梁钰stacey:看来从技术层面上来说，强奸犯出狱后戴电子脚铐并实时监控是可以做到的,1月4日 13:47
4589646983992479,4589646983992479,7501392869,4589640122899727,//@SeparationAnxiety:就是不做人事//@梁钰stacey:看来从技术层面上来说，强奸犯出狱后戴电子脚铐并实时监控是可以做到的,1月4日 14:09
4589649199105872,4589649199105872,7500009706,4589639237109460,//@花凌弋:哦吼//@梁钰stacey:看来从技术层面上来说，强奸犯出狱后戴电子脚铐并实时监控是可以做到的,1月4日 14:18
4589639128057540,4589639128057540,heyseungribaby,4589638389606175,//@5个咸蛋黄柚子酱松饼://@梁钰stacey:看来从技术层面上来说，强奸犯出狱后戴电子脚铐并实时监控是可以做到的,1月4日 13:38
4589641926188094,4589641926188094,5694740439,4589638175688938,草泥马//@凌引风:罪犯有人权，工人没有//@梁钰stacey:看来从技术层面上来说，强奸犯出狱后戴电子脚铐并实时监控是可以做到的,1月4日 13:49
4589639434241867,4589639434241867,2295224931,4589637974625342,//@·云烟绾熹微·://@梁钰stacey:看来从技术层面上来说，强奸犯出狱后戴电子脚铐并实时监控是可以做到的,1月4日 13:39
4589640173229610,4589640173229610,6505067470,4589637501196389,//@放空中的西子酱:➡️//@梁钰stacey:看来从技术层面上来说，强奸犯出狱后戴电子脚铐并实时监控是可以做到的,1月4日 13:42
4589637958113375,4589637958113375,nengzhezhu,4589637501196389,最右//@放空中的西子酱: ➡️//@梁钰stacey:看来从技术层面上来说，强奸犯出狱后戴电子脚铐并实时监控是可以做到的,1月4日 13:33
4589642554284000,4589642554284000,6142387535,4589638688447331,无语//@白日事故m_://@陈折折:你有这功夫去管管恋童癖和强奸犯呢？？,1月4日 13:51
4589649777657312,4589649777657312,zhuoan1997,4589638532208460,//@JustForDearPrince:了不起了不起//@陈折折:你有这功夫去管管恋童癖和强奸犯呢？？,1月4日 14:20
4589645964774082,4589645964774082,3100426801,4589638532208460,有毒//@JustForDearPrince:了不起了不起//@陈折折:你有这功夫去管管恋童癖和强奸犯呢？？,1月4日 14:05
4589645662519876,4589645662519876,5153321625,4589638532208460,//@JustForDearPrince:了不起了不起//@陈折折:你有这功夫去管管恋童癖和强奸犯呢？？,1月4日 14:04
4589641972062248,4589641972062248,1653381983,4589638532208460,绝了//@JustForDearPrince:了不起了不起//@陈折折:你有这功夫去管管恋童癖和强奸犯呢？？,1月4日 13:49
4589638934858683,4589638934858683,6362621803,4589638532208460,有病吧？//@JustForDearPrince:了不起了不起//@陈折折:你有这功夫去管管恋童癖和强奸犯呢？？,1月4日 13:37
4589684435193793,4589684435193793,7395328940,4589636367946577,//@illululusion://@陈折折:你有这功夫去管管恋童癖和强奸犯呢？？,1月4日 16:38
4589645209805761,4589645209805761,1883414181,4589636367946577,//@illululusion://@陈折折:你有这功夫去管管恋童癖和强奸犯呢？？,1月4日 14:02
4589638302566441,4589638302566441,3161494645,4589636367946577,//@illululusion: //@陈折折:你有这功夫去管管恋童癖和强奸犯呢？？,1月4日 13:35
4589637474989563,4589637474989563,1161548430,4589636367946577,//@illululusion: //@陈折折:你有这功夫去管管恋童癖和强奸犯呢？？,1月4日 13:31
4589636435061154,4589636435061154,5519418315,4589636367946577,//@illululusion://@陈折折:你有这功夫去管管恋童癖和强奸犯呢？？,1月4日 13:27
4589633754891008,4589633754891008,5789269708,4589633071221595,？？//@秃噜噜想要有只猫://@陈折折:你有这功夫去管管恋童癖和强奸犯呢？？,1月4日 13:17
4589634744750054,4589634744750054,yul125atsu710,4589632803834129,？？？？？//@哈药六厂小药丸://@陈折折:你有这功夫去管管恋童癖和强奸犯呢？？,1月4日 13:20
4589633290116222,4589633290116222,littlesen,4589632803834129,能不能给社会底层人民一点关心？？？公司找保洁我都不想把价钱压得过低。。。//@哈药六厂小药丸: //@陈折折:你有这功夫去管管恋童癖和强奸犯呢？？,1月4日 13:15
4589636733896061,4589636733896061,2843166804,4589630912205988,？//@肾虚侠:绝了，这种东西不应该用在强奸犯身上吗//@陈折折:你有这功夫去管管恋童癖和强奸犯呢？？,1月4日 13:28
4589640231421424,4589640231421424,7332846497,4589630668409759,//@小珊liang3:别觉得跟自己没关系，下一个轮到谁还不好说呢//@陈折折:你有这功夫去管管恋童癖和强奸犯呢？？,1月4日 13:42
4589630714283634,4589630714283634,2305789527,4589630081729785,//@齒涉://@陈折折: 你有这功夫去管管恋童癖和强奸犯呢？？,1月4日 13:04
4589655263025871,4589655263025871,7148666287,4589629712111364,？？？？？//@南渔女:罪犯都没戴上的电子手环，底层的清洁工先戴上了。//@陈折折:你有这功夫去管管恋童癖和强奸犯呢？？,1月4日 14:42
4589631532439443,4589631532439443,6047988616,4589629712111364,我惊得无话可说//@南渔女:罪犯都没戴上的电子手环，底层的清洁工先戴上了。//@陈折折:你有这功夫去管管恋童癖和强奸犯呢？？,1月4日 13:08
4589959685610298,4589959685610298,7356208790,4589629569765139,什么玩意儿//@东皇太二33:对待人民像对待罪大恶极的罪犯，对待真正的罪犯又像对待人民，秋风扫落叶和春风化雨搞反了//@陈折折:你有这功夫去管管恋童癖和强奸犯呢？？,1月5日 10:52
4589959530944699,4589959530944699,7356208790,4589629569765139,//@东皇太二33:对待人民像对待罪大恶极的罪犯，对待真正的罪犯又像对待人民，秋风扫落叶和春风化雨搞反了//@陈折折:你有这功夫去管管恋童癖和强奸犯呢？？,1月5日 10:51
4589700130018555,4589700130018555,6750491911,4589629569765139,艹草草//@东皇太二33:对待人民像对待罪大恶极的罪犯，对待真正的罪犯又像对待人民，秋风扫落叶和春风化雨搞反了//@陈折折:你有这功夫去管管恋童癖和强奸犯呢？？,1月4日 17:40
4589698410094425,4589698410094425,5589971345,4589629569765139,真的是不实吗？还是已经被压下去了？//@东皇太二33:对待人民像对待罪大恶极的罪犯，对待真正的罪犯又像对待人民，秋风扫落叶和春风化雨搞反了//@陈折折:你有这功夫去管管恋童癖和强奸犯呢？？,1月4日 17:33
4589692378939510,4589692378939510,5758279570,4589629569765139,//@东皇太二33:对待人民像对待罪大恶极的罪犯，对待真正的罪犯又像对待人民，秋风扫落叶和春风化雨搞反了//@陈折折:你有这功夫去管管恋童癖和强奸犯呢？？,1月4日 17:09
4589652848413904,4589652848413904,6715498075,4589629569765139,妈的//@东皇太二33:对待人民像对待罪大恶极的罪犯，对待真正的罪犯又像对待人民，秋风扫落叶和春风化雨搞反了//@陈折折:你有这功夫去管管恋童癖和强奸犯呢？？,1月4日 14:32
4589647780911175,4589647780911175,6748285013,4589629569765139,//@东皇太二33:对待人民像对待罪大恶极的罪犯，对待真正的罪犯又像对待人民，秋风扫落叶和春风化雨搞反了//@陈折折:你有这功夫去管管恋童癖和强奸犯呢？？,1月4日 14:12
4589645029969688,4589645029969688,2165628317,4589629569765139,//@东皇太二33:对待人民像对待罪大恶极的罪犯，对待真正的罪犯又像对待人民，秋风扫落叶和春风化雨搞反了//@陈折折:你有这功夫去管管恋童癖和强奸犯呢？？,1月4日 14:01
4589639224530127,4589639224530127,5870109816,4589629569765139,//@东皇太二33:对待人民像对待罪大恶极的罪犯，对待真正的罪犯又像对待人民，秋风扫落叶和春风化雨搞反了//@陈折折:你有这功夫去管管恋童癖和强奸犯呢？？,1月4日 13:38
4589638402444025,4589638402444025,6359714398,4589629569765139,ufff我真的好烦好烦 好烦好烦地球快点毁灭吧//@东皇太二33:对待人民像对待罪大恶极的罪犯，对待真正的罪犯又像对待人民，秋风扫落叶和春风化雨搞反了//@陈折折:你有这功夫去管管恋童癖和强奸犯呢？？,1月4日 13:35
4589634971503013,4589634971503013,5289621631,4589629569765139,//@东皇太二33:对待人民像对待罪大恶极的罪犯，对待真正的罪犯又像对待人民，秋风扫落叶和春风化雨搞反了//@陈折折:你有这功夫去管管恋童癖和强奸犯呢？？,1月4日 13:21
4589631981227297,4589631981227297,windinin,4589629569765139,//@东皇太二33:对待人民像对待罪大恶极的罪犯，对待真正的罪犯又像对待人民，秋风扫落叶和春风化雨搞反了//@陈折折:你有这功夫去管管恋童癖和强奸犯呢？？,1月4日 13:09
4589630224341278,4589630224341278,1663452837,4589629569765139,//@东皇太二33:对待人民像对待罪大恶极的罪犯，对待真正的罪犯又像对待人民，秋风扫落叶和春风化雨搞反了//@陈折折:你有这功夫去管管恋童癖和强奸犯呢？？,1月4日 13:02
4596595000350214,4596595000350214,2582516083,4596594219420800,…//@Adnauseam:处理你妈去吧//@suzumihasdeadw:……,1月23日 18:18
4596594731124257,4596594731124257,5363060414,4596594219420800,//@Adnauseam:处理你妈去吧//@suzumihasdeadw:……,1月23日 18:17
4596594530060023,4596594530060023,7529209665,4596594219420800,。。。。。。。//@Adnauseam:处理你妈去吧//@suzumihasdeadw:……,1月23日 18:16
4596636175575933,4596636175575933,6033610178,4596592155577302,//@灶底藏屍:就是要让你gongren阶级只能被压榨无力反抗是吧//@suzumihasdeadw:……,1月23日 21:02
4590482044492980,4590482044492980,3989458755,4590481387034297,人干事？？环保工本来就有很大一部分是弱势的群体了 而且很多是中老年人//@撸个一万次的仓鼠://@多多宅猫_u4g: 但是他们贴心的不做//@梁钰stacey:看来从技术层面上来说，强奸犯出狱后戴电子脚铐并实时监控是可以做到的,1月6日 21:27
4590185230107867,4590185230107867,3743651925,4589647554675271,这个视频的up主的名字和视频有点儿契合//@MmikiLan_H://@十三大饱:犯人都没有的待遇 用在工人身上了//@梁钰stacey:看来从技术层面上来说，强奸犯出狱后戴电子脚铐并实时监控是可以做到的,1月6日 01:48
4589651056923707,4589651056923707,2113216083,4589647554675271,什么玩意儿//@MmikiLan_H://@十三大饱:犯人都没有的待遇 用在工人身上了//@梁钰stacey:看来从技术层面上来说，强奸犯出狱后戴电子脚铐并实时监控是可以做到的,1月4日 14:25
4589694640458464,4589694640458464,6985648355,4589649199105872,//@愿望什么时候会实现K://@花凌弋:哦吼//@梁钰stacey:看来从技术层面上来说，强奸犯出狱后戴电子脚铐并实时监控是可以做到的,1月4日 17:18
4589641103835653,4589641103835653,7388825168,4589639434241867,//@恰柠檬吖://@·云烟绾熹微·://@梁钰stacey:看来从技术层面上来说，强奸犯出狱后戴电子脚铐并实时监控是可以做到的,1月4日 13:46
4589677028577240,4589677028577240,1949123693,4589640173229610,//@整齐的西瓜籽://@放空中的西子酱:➡️//@梁钰stacey:看来从技术层面上来说，强奸犯出狱后戴电子脚铐并实时监控是可以做到的,1月4日 16:08
4589646426407557,4589646426407557,ryougetsu,4589645029969688,？？？//@努力早睡的淼淼://@东皇太二33:对待人民像对待罪大恶极的罪犯，对待真正的罪犯又像对待人民，秋风扫落叶和春风化雨搞反了//@陈折折:你有这功夫去管管恋童癖和强奸犯呢？？,1月4日 14:07
4589645499997493,4589645499997493,7382953936,4589645029969688,//@努力早睡的淼淼://@东皇太二33:对待人民像对待罪大恶极的罪犯，对待真正的罪犯又像对待人民，秋风扫落叶和春风化雨搞反了//@陈折折:你有这功夫去管管恋童癖和强奸犯呢？？,1月4日 14:03
4589673320548269,4589673320548269,2693386141,4589645499997493,//@殆知喵://@努力早睡的淼淼://@东皇太二33:对待人民像对待罪大恶极的罪犯，对待真正的罪犯又像对待人民，秋风扫落叶和春风化雨搞反了//@陈折折:你有这功夫去管管恋童癖和强奸犯呢？？,1月4日 15:54
4589671978632758,4589671978632758,6614452086,4589645499997493,//@殆知喵://@努力早睡的淼淼://@东皇太二33:对待人民像对待罪大恶极的罪犯，对待真正的罪犯又像对待人民，秋风扫落叶和春风化雨搞反了//@陈折折:你有这功夫去管管恋童癖和强奸犯呢？？,1月4日 15:48
4589665531727569,4589665531727569,1794475482,4589645499997493,//@殆知喵://@努力早睡的淼淼://@东皇太二33:对待人民像对待罪大恶极的罪犯，对待真正的罪犯又像对待人民，秋风扫落叶和春风化雨搞反了//@陈折折:你有这功夫去管管恋童癖和强奸犯呢？？,1月4日 15:23
4589656429824927,4589656429824927,2396076975,4589645499997493,//@殆知喵://@努力早睡的淼淼://@东皇太二33:对待人民像对待罪大恶极的罪犯，对待真正的罪犯又像对待人民，秋风扫落叶和春风化雨搞反了//@陈折折:你有这功夫去管管恋童癖和强奸犯呢？？,1月4日 14:47
4589655615341408,4589655615341408,lijiademi,4589645499997493,//@殆知喵://@努力早睡的淼淼://@东皇太二33:对待人民像对待罪大恶极的罪犯，对待真正的罪犯又像对待人民，秋风扫落叶和春风化雨搞反了//@陈折折:你有这功夫去管管恋童癖和强奸犯呢？？,1月4日 14:43
4589652998886676,4589652998886676,6526912534,4589645499997493,今年是1984年。//@殆知喵://@努力早睡的淼淼://@东皇太二33:对待人民像对待罪大恶极的罪犯，对待真正的罪犯又像对待人民，秋风扫落叶和春风化雨搞反了//@陈折折:你有这功夫去管管恋童癖和强奸犯呢？？,1月4日 14:33
4589651580685874,4589651580685874,yesswlqbjs,4589645499997493,//@殆知喵://@努力早睡的淼淼://@东皇太二33:对待人民像对待罪大恶极的罪犯，对待真正的罪犯又像对待人民，秋风扫落叶和春风化雨搞反了//@陈折折:你有这功夫去管管恋童癖和强奸犯呢？？,1月4日 14:27
4589651208177387,4589651208177387,1709707897,4589645499997493,//@殆知喵://@努力早睡的淼淼://@东皇太二33:对待人民像对待罪大恶极的罪犯，对待真正的罪犯又像对待人民，秋风扫落叶和春风化雨搞反了//@陈折折:你有这功夫去管管恋童癖和强奸犯呢？？,1月4日 14:26
4589650599483688,4589650599483688,1462933201,4589645499997493,//@殆知喵: //@努力早睡的淼淼://@东皇太二33:对待人民像对待罪大恶极的罪犯，对待真正的罪犯又像对待人民，秋风扫落叶和春风化雨搞反了//@陈折折:你有这功夫去管管恋童癖和强奸犯呢？？,1月4日 14:23
4589650305361131,4589650305361131,5622114544,4589645499997493,//@殆知喵://@努力早睡的淼淼://@东皇太二33:对待人民像对待罪大恶极的罪犯，对待真正的罪犯又像对待人民，秋风扫落叶和春风化雨搞反了//@陈折折:你有这功夫去管管恋童癖和强奸犯呢？？,1月4日 14:22
4589650289888523,4589650289888523,2020395923,4589645499997493,//@殆知喵://@努力早睡的淼淼://@东皇太二33:对待人民像对待罪大恶极的罪犯，对待真正的罪犯又像对待人民，秋风扫落叶和春风化雨搞反了//@陈折折:你有这功夫去管管恋童癖和强奸犯呢？？,1月4日 14:22
4589650209148722,4589650209148722,2104462172,4589645499997493,//@殆知喵://@努力早睡的淼淼://@东皇太二33:对待人民像对待罪大恶极的罪犯，对待真正的罪犯又像对待人民，秋风扫落叶和春风化雨搞反了//@陈折折:你有这功夫去管管恋童癖和强奸犯呢？？,1月4日 14:22
4589648703134498,4589648703134498,1716007533,4589645499997493,靠//@殆知喵://@努力早睡的淼淼://@东皇太二33:对待人民像对待罪大恶极的罪犯，对待真正的罪犯又像对待人民，秋风扫落叶和春风化雨搞反了//@陈折折:你有这功夫去管管恋童癖和强奸犯呢？？,1月4日 14:16
4589648661712825,4589648661712825,3800319331,4589645499997493,//@殆知喵://@努力早睡的淼淼://@东皇太二33:对待人民像对待罪大恶极的罪犯，对待真正的罪犯又像对待人民，秋风扫落叶和春风化雨搞反了//@陈折折:你有这功夫去管管恋童癖和强奸犯呢？？,1月4日 14:16
4589648066118402,4589648066118402,1365800910,4589645499997493,//@殆知喵://@努力早睡的淼淼://@东皇太二33:对待人民像对待罪大恶极的罪犯，对待真正的罪犯又像对待人民，秋风扫落叶和春风化雨搞反了//@陈折折:你有这功夫去管管恋童癖和强奸犯呢？？,1月4日 14:13
4589648057208788,4589648057208788,rachelberryxxx,4589645499997493,//@殆知喵://@努力早睡的淼淼://@东皇太二33:对待人民像对待罪大恶极的罪犯，对待真正的罪犯又像对待人民，秋风扫落叶和春风化雨搞反了//@陈折折:你有这功夫去管管恋童癖和强奸犯呢？？,1月4日 14:13
4589648023914911,4589648023914911,6097754619,4589645499997493,？？//@殆知喵://@努力早睡的淼淼://@东皇太二33:对待人民像对待罪大恶极的罪犯，对待真正的罪犯又像对待人民，秋风扫落叶和春风化雨搞反了//@陈折折:你有这功夫去管管恋童癖和强奸犯呢？？,1月4日 14:13
4589647353351985,4589647353351985,1832335073,4589645499997493,//@殆知喵://@努力早睡的淼淼://@东皇太二33:对待人民像对待罪大恶极的罪犯，对待真正的罪犯又像对待人民，秋风扫落叶和春风化雨搞反了//@陈折折:你有这功夫去管管恋童癖和强奸犯呢？？,1月4日 14:11
4589647348898307,4589647348898307,wufeijushi,4589645499997493,那些所谓工作app事实上也是这么干的//@殆知喵://@努力早睡的淼淼://@东皇太二33:对待人民像对待罪大恶极的罪犯，对待真正的罪犯又像对待人民，秋风扫落叶和春风化雨搞反了//@陈折折:你有这功夫去管管恋童癖和强奸犯呢？？,1月4日 14:11
4589646464423709,4589646464423709,pangxiong001,4589645499997493,//@殆知喵://@陈折折:你有这功夫去管管恋童癖和强奸犯呢？？,1月4日 14:07
4589646267555547,4589646267555547,6499327884,4589645499997493,//@殆知喵://@努力早睡的淼淼://@东皇太二33:对待人民像对待罪大恶极的罪犯，对待真正的罪犯又像对待人民，秋风扫落叶和春风化雨搞反了//@陈折折:你有这功夫去管管恋童癖和强奸犯呢？？,1月4日 14:06
4589645834226412,4589645834226412,wpy940628,4589645499997493,//@殆知喵://@努力早睡的淼淼://@东皇太二33:对待人民像对待罪大恶极的罪犯，对待真正的罪犯又像对待人民，秋风扫落叶和春风化雨搞反了//@陈折折:你有这功夫去管管恋童癖和强奸犯呢？？,1月4日 14:05
4589645729638508,4589645729638508,6917334752,4589645499997493,//@殆知喵://@努力早睡的淼淼://@东皇太二33:对待人民像对待罪大恶极的罪犯，对待真正的罪犯又像对待人民，秋风扫落叶和春风化雨搞反了//@陈折折:你有这功夫去管管恋童癖和强奸犯呢？？,1月4日 14:04
4589645645488183,4589645645488183,1866578042,4589645499997493,//@殆知喵: //@努力早睡的淼淼://@东皇太二33:对待人民像对待罪大恶极的罪犯，对待真正的罪犯又像对待人民，秋风扫落叶和春风化雨搞反了//@陈折折:你有这功夫去管管恋童癖和强奸犯呢？？,1月4日 14:04
4589653095878313,4589653095878313,1781557755,4589650289888523,//@水色山林://@殆知喵://@努力早睡的淼淼://@东皇太二33:对待人民像对待罪大恶极的罪犯，对待真正的罪犯又像对待人民，秋风扫落叶和春风化雨搞反了//@陈折折:你有这功夫去管管恋童癖和强奸犯呢？？,1月4日 14:33
4589648846524665,4589648846524665,1031445085,4589647353351985,当初用人脸识别监控学生的时候就想到以后科技绝对会被滥用//@PianoFitRyan://@殆知喵://@努力早睡的淼淼://@东皇太二33:对待人民像对待罪大恶极的罪犯，对待真正的罪犯又像对待人民，秋风扫落叶和春风化雨搞反了//@陈折折:你有这功夫去管管恋童癖和强奸犯呢？？,1月4日 14:16
